﻿countryName,reportingYear,typefeature,feature,unit,featureValue
Austria,2016,fuel,Biomass,TJ,8903.96
Austria,2016,fuel,Coal,TJ,0
Austria,2016,fuel,Lignite,TJ,0
Austria,2016,fuel,LiquidFuels,TJ,14558.739999999998
Austria,2016,fuel,NaturalGas,TJ,83034.05999999998
Austria,2016,fuel,OtherGases,TJ,47307.340000000004
Austria,2016,fuel,OtherSolidFuels,TJ,34417.090000000004
Austria,2016,fuel,Peat,TJ,0
Austria,2016,pollutant,DUST,tonnes,340.1900000000001
Austria,2016,pollutant,NOX,tonnes,6352.439999999998
Austria,2016,pollutant,SO2,tonnes,2642.730000000001
Austria,2017,fuel,Biomass,TJ,8586.72812
Austria,2017,fuel,Coal,TJ,0
Austria,2017,fuel,Lignite,TJ,0
Austria,2017,fuel,LiquidFuels,TJ,13567.070373999997
Austria,2017,fuel,NaturalGas,TJ,98519.31999999999
Austria,2017,fuel,OtherGases,TJ,48187.37
Austria,2017,fuel,OtherSolidFuels,TJ,33375.030000000006
Austria,2017,fuel,Peat,TJ,0
Austria,2017,pollutant,DUST,tonnes,310.2310000000001
Austria,2017,pollutant,NOX,tonnes,6481.4400000000005
Austria,2017,pollutant,SO2,tonnes,2475.6820000000007
Austria,2018,fuel,Biomass,TJ,8473.084008
Austria,2018,fuel,Coal,TJ,9562.385893
Austria,2018,fuel,Lignite,TJ,0
Austria,2018,fuel,LiquidFuels,TJ,11238.706717
Austria,2018,fuel,NaturalGas,TJ,93650.44695500002
Austria,2018,fuel,OtherGases,TJ,47522.827229
Austria,2018,fuel,OtherSolidFuels,TJ,28502.188008000005
Austria,2018,fuel,Peat,TJ,0
Austria,2018,pollutant,DUST,tonnes,381.83778700000005
Austria,2018,pollutant,NOX,tonnes,6420.11633
Austria,2018,pollutant,SO2,tonnes,2537.470277
Austria,2019,fuel,Biomass,TJ,8087.415287000001
Austria,2019,fuel,Coal,TJ,7756.105524
Austria,2019,fuel,Lignite,TJ,0
Austria,2019,fuel,LiquidFuels,TJ,11097.109475
Austria,2019,fuel,NaturalGas,TJ,101922.19208000002
Austria,2019,fuel,OtherGases,TJ,48956.658744
Austria,2019,fuel,OtherSolidFuels,TJ,28530.484682000002
Austria,2019,fuel,Peat,TJ,0
Austria,2019,pollutant,DUST,tonnes,306.7626850000001
Austria,2019,pollutant,NOX,tonnes,6142.688849999999
Austria,2019,pollutant,SO2,tonnes,2136.827738
Austria,2020,fuel,Biomass,TJ,8200.487924000001
Austria,2020,fuel,Coal,TJ,2078.189582
Austria,2020,fuel,Lignite,TJ,0
Austria,2020,fuel,LiquidFuels,TJ,10811.687254
Austria,2020,fuel,NaturalGas,TJ,90904.85431200001
Austria,2020,fuel,OtherGases,TJ,46934.192864000004
Austria,2020,fuel,OtherSolidFuels,TJ,19245.43635
Austria,2020,fuel,Peat,TJ,0
Austria,2020,pollutant,DUST,tonnes,231.81087
Austria,2020,pollutant,NOX,tonnes,5650.199479999999
Austria,2020,pollutant,SO2,tonnes,1798.4011
Austria,2021,fuel,Biomass,TJ,7708.6373060000005
Austria,2021,fuel,Coal,TJ,1055.727
Austria,2021,fuel,Lignite,TJ,0
Austria,2021,fuel,LiquidFuels,TJ,11593.235631999998
Austria,2021,fuel,NaturalGas,TJ,96550.839511
Austria,2021,fuel,OtherGases,TJ,49970.786245
Austria,2021,fuel,OtherSolidFuels,TJ,27033.731960999998
Austria,2021,fuel,Peat,TJ,0
Austria,2021,pollutant,DUST,tonnes,222.18812200000005
Austria,2021,pollutant,NOX,tonnes,5769.084829999999
Austria,2021,pollutant,SO2,tonnes,1787.2707310000003
Belgium,2016,fuel,Biomass,TJ,35312.661889999996
Belgium,2016,fuel,Coal,TJ,4042.1884200000004
Belgium,2016,fuel,Lignite,TJ,0
Belgium,2016,fuel,LiquidFuels,TJ,2919.67481
Belgium,2016,fuel,NaturalGas,TJ,164919.38073000003
Belgium,2016,fuel,OtherGases,TJ,64631.19203
Belgium,2016,fuel,OtherSolidFuels,TJ,5940.29842
Belgium,2016,fuel,Peat,TJ,0
Belgium,2016,pollutant,DUST,tonnes,152.728255
Belgium,2016,pollutant,NOX,tonnes,9589.367499999991
Belgium,2016,pollutant,SO2,tonnes,2529.4677000000006
Belgium,2017,fuel,Biomass,TJ,38005.439000000006
Belgium,2017,fuel,Coal,TJ,1002.8299999999999
Belgium,2017,fuel,Lignite,TJ,0
Belgium,2017,fuel,LiquidFuels,TJ,2779.459
Belgium,2017,fuel,NaturalGas,TJ,167306.406
Belgium,2017,fuel,OtherGases,TJ,63705.07492
Belgium,2017,fuel,OtherSolidFuels,TJ,2875.94
Belgium,2017,fuel,Peat,TJ,0
Belgium,2017,pollutant,DUST,tonnes,171.187
Belgium,2017,pollutant,NOX,tonnes,9538.789499999995
Belgium,2017,pollutant,SO2,tonnes,2127.45073
Belgium,2018,fuel,Biomass,TJ,32164.858892000004
Belgium,2018,fuel,Coal,TJ,1206.711
Belgium,2018,fuel,Lignite,TJ,0
Belgium,2018,fuel,LiquidFuels,TJ,2545.304741
Belgium,2018,fuel,NaturalGas,TJ,173327.985653
Belgium,2018,fuel,OtherGases,TJ,67210.77016200002
Belgium,2018,fuel,OtherSolidFuels,TJ,12251.92485
Belgium,2018,fuel,Peat,TJ,0
Belgium,2018,pollutant,DUST,tonnes,106.900876
Belgium,2018,pollutant,NOX,tonnes,9381.498000000001
Belgium,2018,pollutant,SO2,tonnes,2027.7521499999996
Belgium,2019,fuel,Biomass,TJ,27611.13635
Belgium,2019,fuel,Coal,TJ,1226.6900030000002
Belgium,2019,fuel,Lignite,TJ,0
Belgium,2019,fuel,LiquidFuels,TJ,2569.9670800000004
Belgium,2019,fuel,NaturalGas,TJ,180731.30845300003
Belgium,2019,fuel,OtherGases,TJ,73427.08670700001
Belgium,2019,fuel,OtherSolidFuels,TJ,2328.797885
Belgium,2019,fuel,Peat,TJ,0
Belgium,2019,pollutant,DUST,tonnes,129.38593699999998
Belgium,2019,pollutant,NOX,tonnes,9214.554999999998
Belgium,2019,pollutant,SO2,tonnes,2194.00382
Belgium,2020,fuel,Biomass,TJ,27784.987890000004
Belgium,2020,fuel,Coal,TJ,887.521112
Belgium,2020,fuel,Lignite,TJ,0
Belgium,2020,fuel,LiquidFuels,TJ,2460.9417799999997
Belgium,2020,fuel,NaturalGas,TJ,177066.876342
Belgium,2020,fuel,OtherGases,TJ,59693.717093
Belgium,2020,fuel,OtherSolidFuels,TJ,2557.99596
Belgium,2020,fuel,Peat,TJ,0
Belgium,2020,pollutant,DUST,tonnes,71.01950000000001
Belgium,2020,pollutant,NOX,tonnes,8487.471
Belgium,2020,pollutant,SO2,tonnes,1685.84999
Belgium,2021,fuel,Biomass,TJ,17507.41044
Belgium,2021,fuel,Coal,TJ,512.472944
Belgium,2021,fuel,Lignite,TJ,0
Belgium,2021,fuel,LiquidFuels,TJ,1711.454609
Belgium,2021,fuel,NaturalGas,TJ,167040.24671799995
Belgium,2021,fuel,OtherGases,TJ,73622.56413599999
Belgium,2021,fuel,OtherSolidFuels,TJ,2783.7251159999996
Belgium,2021,fuel,Peat,TJ,0
Belgium,2021,pollutant,DUST,tonnes,69.62089999999998
Belgium,2021,pollutant,NOX,tonnes,7462.544000000001
Belgium,2021,pollutant,SO2,tonnes,1368.0848199999998
Bulgaria,2016,fuel,Biomass,TJ,3627
Bulgaria,2016,fuel,Coal,TJ,44176
Bulgaria,2016,fuel,Lignite,TJ,173578
Bulgaria,2016,fuel,LiquidFuels,TJ,0
Bulgaria,2016,fuel,NaturalGas,TJ,29632
Bulgaria,2016,fuel,OtherGases,TJ,1351
Bulgaria,2016,fuel,OtherSolidFuels,TJ,217755
Bulgaria,2016,fuel,Peat,TJ,0
Bulgaria,2016,pollutant,DUST,tonnes,1299
Bulgaria,2016,pollutant,NOX,tonnes,26536
Bulgaria,2016,pollutant,SO2,tonnes,55552
Bulgaria,2017,fuel,Biomass,TJ,5089
Bulgaria,2017,fuel,Coal,TJ,50497
Bulgaria,2017,fuel,Lignite,TJ,193953
Bulgaria,2017,fuel,LiquidFuels,TJ,0
Bulgaria,2017,fuel,NaturalGas,TJ,29364
Bulgaria,2017,fuel,OtherGases,TJ,521
Bulgaria,2017,fuel,OtherSolidFuels,TJ,244450
Bulgaria,2017,fuel,Peat,TJ,0
Bulgaria,2017,pollutant,DUST,tonnes,559
Bulgaria,2017,pollutant,NOX,tonnes,19441
Bulgaria,2017,pollutant,SO2,tonnes,48567
Bulgaria,2018,fuel,Biomass,TJ,16067
Bulgaria,2018,fuel,Coal,TJ,25040
Bulgaria,2018,fuel,Lignite,TJ,180789
Bulgaria,2018,fuel,LiquidFuels,TJ,3258
Bulgaria,2018,fuel,NaturalGas,TJ,31111
Bulgaria,2018,fuel,OtherGases,TJ,323
Bulgaria,2018,fuel,OtherSolidFuels,TJ,10884
Bulgaria,2018,fuel,Peat,TJ,0
Bulgaria,2018,pollutant,DUST,tonnes,395
Bulgaria,2018,pollutant,NOX,tonnes,17085.5
Bulgaria,2018,pollutant,SO2,tonnes,38404
Bulgaria,2019,fuel,Biomass,TJ,12312
Bulgaria,2019,fuel,Coal,TJ,15306
Bulgaria,2019,fuel,Lignite,TJ,168938
Bulgaria,2019,fuel,LiquidFuels,TJ,809
Bulgaria,2019,fuel,NaturalGas,TJ,29768
Bulgaria,2019,fuel,OtherGases,TJ,2211
Bulgaria,2019,fuel,OtherSolidFuels,TJ,11193
Bulgaria,2019,fuel,Peat,TJ,0
Bulgaria,2019,pollutant,DUST,tonnes,286.32
Bulgaria,2019,pollutant,NOX,tonnes,14171
Bulgaria,2019,pollutant,SO2,tonnes,34294
Bulgaria,2020,fuel,Biomass,TJ,10576
Bulgaria,2020,fuel,Coal,TJ,14861
Bulgaria,2020,fuel,Lignite,TJ,133126
Bulgaria,2020,fuel,LiquidFuels,TJ,0
Bulgaria,2020,fuel,NaturalGas,TJ,28934
Bulgaria,2020,fuel,OtherGases,TJ,2883
Bulgaria,2020,fuel,OtherSolidFuels,TJ,8612
Bulgaria,2020,fuel,Peat,TJ,0
Bulgaria,2020,pollutant,DUST,tonnes,227.04
Bulgaria,2020,pollutant,NOX,tonnes,12320.33
Bulgaria,2020,pollutant,SO2,tonnes,27308
Bulgaria,2021,fuel,Biomass,TJ,18395
Bulgaria,2021,fuel,Coal,TJ,18746
Bulgaria,2021,fuel,Lignite,TJ,171573
Bulgaria,2021,fuel,LiquidFuels,TJ,1263
Bulgaria,2021,fuel,NaturalGas,TJ,33896
Bulgaria,2021,fuel,OtherGases,TJ,2439
Bulgaria,2021,fuel,OtherSolidFuels,TJ,9748
Bulgaria,2021,fuel,Peat,TJ,0
Bulgaria,2021,pollutant,DUST,tonnes,273.1
Bulgaria,2021,pollutant,NOX,tonnes,15802.001
Bulgaria,2021,pollutant,SO2,tonnes,32220
Croatia,2016,fuel,Biomass,TJ,0
Croatia,2016,fuel,Coal,TJ,15052.1944
Croatia,2016,fuel,Lignite,TJ,0
Croatia,2016,fuel,LiquidFuels,TJ,3489.6125773999997
Croatia,2016,fuel,NaturalGas,TJ,17507.4877802
Croatia,2016,fuel,OtherGases,TJ,2111.145092
Croatia,2016,fuel,OtherSolidFuels,TJ,15052.1944
Croatia,2016,fuel,Peat,TJ,0
Croatia,2016,pollutant,DUST,tonnes,209.95493200000004
Croatia,2016,pollutant,NOX,tonnes,5199.7306340000005
Croatia,2016,pollutant,SO2,tonnes,5801.6218906
Croatia,2017,fuel,Biomass,TJ,0
Croatia,2017,fuel,Coal,TJ,13978.054498000001
Croatia,2017,fuel,Lignite,TJ,0
Croatia,2017,fuel,LiquidFuels,TJ,4920.3949335
Croatia,2017,fuel,NaturalGas,TJ,34505.79670107
Croatia,2017,fuel,OtherGases,TJ,3306.2114333000004
Croatia,2017,fuel,OtherSolidFuels,TJ,13978.054498000001
Croatia,2017,fuel,Peat,TJ,0
Croatia,2017,pollutant,DUST,tonnes,218.01723
Croatia,2017,pollutant,NOX,tonnes,4979.400602000001
Croatia,2017,pollutant,SO2,tonnes,5094.585383
Croatia,2018,fuel,Biomass,TJ,0
Croatia,2018,fuel,Coal,TJ,12401.99305
Croatia,2018,fuel,Lignite,TJ,0
Croatia,2018,fuel,LiquidFuels,TJ,3219.15948
Croatia,2018,fuel,NaturalGas,TJ,29665.18604
Croatia,2018,fuel,OtherGases,TJ,6872.31094
Croatia,2018,fuel,OtherSolidFuels,TJ,687.70237
Croatia,2018,fuel,Peat,TJ,0
Croatia,2018,pollutant,DUST,tonnes,160.52599999999998
Croatia,2018,pollutant,NOX,tonnes,4281.040000000001
Croatia,2018,pollutant,SO2,tonnes,3623.299
Croatia,2019,fuel,Biomass,TJ,0
Croatia,2019,fuel,Coal,TJ,14954.03744
Croatia,2019,fuel,Lignite,TJ,0
Croatia,2019,fuel,LiquidFuels,TJ,2305.94447
Croatia,2019,fuel,NaturalGas,TJ,39418.37525
Croatia,2019,fuel,OtherGases,TJ,6090.51085
Croatia,2019,fuel,OtherSolidFuels,TJ,577.22918
Croatia,2019,fuel,Peat,TJ,0
Croatia,2019,pollutant,DUST,tonnes,181.44
Croatia,2019,pollutant,NOX,tonnes,3777.0099999999998
Croatia,2019,pollutant,SO2,tonnes,1956.9113
Croatia,2020,fuel,Biomass,TJ,0
Croatia,2020,fuel,Coal,TJ,10551.79664
Croatia,2020,fuel,Lignite,TJ,0
Croatia,2020,fuel,LiquidFuels,TJ,789.1198800000001
Croatia,2020,fuel,NaturalGas,TJ,49143.61012
Croatia,2020,fuel,OtherGases,TJ,6094.855
Croatia,2020,fuel,OtherSolidFuels,TJ,635.09066
Croatia,2020,fuel,Peat,TJ,0
Croatia,2020,pollutant,DUST,tonnes,102.172
Croatia,2020,pollutant,NOX,tonnes,3661.3700000000003
Croatia,2020,pollutant,SO2,tonnes,585.3314999999999
Croatia,2021,fuel,Biomass,TJ,0
Croatia,2021,fuel,Coal,TJ,13078.85924
Croatia,2021,fuel,Lignite,TJ,0
Croatia,2021,fuel,LiquidFuels,TJ,770.6148900000001
Croatia,2021,fuel,NaturalGas,TJ,41652.44296
Croatia,2021,fuel,OtherGases,TJ,5268.87342
Croatia,2021,fuel,OtherSolidFuels,TJ,659.38156
Croatia,2021,fuel,Peat,TJ,0
Croatia,2021,pollutant,DUST,tonnes,95.75515
Croatia,2021,pollutant,NOX,tonnes,3264.3720000000003
Croatia,2021,pollutant,SO2,tonnes,401.48005
Cyprus,2016,fuel,Biomass,TJ,0
Cyprus,2016,fuel,Coal,TJ,0
Cyprus,2016,fuel,Lignite,TJ,0
Cyprus,2016,fuel,LiquidFuels,TJ,42281.7
Cyprus,2016,fuel,NaturalGas,TJ,0
Cyprus,2016,fuel,OtherGases,TJ,0
Cyprus,2016,fuel,OtherSolidFuels,TJ,0
Cyprus,2016,fuel,Peat,TJ,0
Cyprus,2016,pollutant,DUST,tonnes,463.616
Cyprus,2016,pollutant,NOX,tonnes,4039.87
Cyprus,2016,pollutant,SO2,tonnes,14595.047
Cyprus,2017,fuel,Biomass,TJ,0
Cyprus,2017,fuel,Coal,TJ,0
Cyprus,2017,fuel,Lignite,TJ,0
Cyprus,2017,fuel,LiquidFuels,TJ,42500.09999999999
Cyprus,2017,fuel,NaturalGas,TJ,0
Cyprus,2017,fuel,OtherGases,TJ,0
Cyprus,2017,fuel,OtherSolidFuels,TJ,0
Cyprus,2017,fuel,Peat,TJ,0
Cyprus,2017,pollutant,DUST,tonnes,383.054
Cyprus,2017,pollutant,NOX,tonnes,3639.8700000000003
Cyprus,2017,pollutant,SO2,tonnes,14722.217
Cyprus,2018,fuel,Biomass,TJ,0
Cyprus,2018,fuel,Coal,TJ,0
Cyprus,2018,fuel,Lignite,TJ,0
Cyprus,2018,fuel,LiquidFuels,TJ,43137.7
Cyprus,2018,fuel,NaturalGas,TJ,0
Cyprus,2018,fuel,OtherGases,TJ,0
Cyprus,2018,fuel,OtherSolidFuels,TJ,0
Cyprus,2018,fuel,Peat,TJ,0
Cyprus,2018,pollutant,DUST,tonnes,358.21000000000004
Cyprus,2018,pollutant,NOX,tonnes,3545.06
Cyprus,2018,pollutant,SO2,tonnes,15378.45
Cyprus,2019,fuel,Biomass,TJ,0
Cyprus,2019,fuel,Coal,TJ,0
Cyprus,2019,fuel,Lignite,TJ,0
Cyprus,2019,fuel,LiquidFuels,TJ,42321
Cyprus,2019,fuel,NaturalGas,TJ,0
Cyprus,2019,fuel,OtherGases,TJ,0
Cyprus,2019,fuel,OtherSolidFuels,TJ,0
Cyprus,2019,fuel,Peat,TJ,0
Cyprus,2019,pollutant,DUST,tonnes,421.4
Cyprus,2019,pollutant,NOX,tonnes,3895.0999999999995
Cyprus,2019,pollutant,SO2,tonnes,14197.88
Cyprus,2020,fuel,Biomass,TJ,0
Cyprus,2020,fuel,Coal,TJ,0
Cyprus,2020,fuel,Lignite,TJ,0
Cyprus,2020,fuel,LiquidFuels,TJ,39097
Cyprus,2020,fuel,NaturalGas,TJ,0
Cyprus,2020,fuel,OtherGases,TJ,0
Cyprus,2020,fuel,OtherSolidFuels,TJ,0
Cyprus,2020,fuel,Peat,TJ,0
Cyprus,2020,pollutant,DUST,tonnes,301.648
Cyprus,2020,pollutant,NOX,tonnes,2904.7
Cyprus,2020,pollutant,SO2,tonnes,10055.609999999999
Cyprus,2021,fuel,Biomass,TJ,0
Cyprus,2021,fuel,Coal,TJ,0
Cyprus,2021,fuel,Lignite,TJ,0
Cyprus,2021,fuel,LiquidFuels,TJ,40023
Cyprus,2021,fuel,NaturalGas,TJ,0
Cyprus,2021,fuel,OtherGases,TJ,0
Cyprus,2021,fuel,OtherSolidFuels,TJ,0
Cyprus,2021,fuel,Peat,TJ,0
Cyprus,2021,pollutant,DUST,tonnes,301.989
Cyprus,2021,pollutant,NOX,tonnes,2916.7999999999997
Cyprus,2021,pollutant,SO2,tonnes,8404.09
Czechia,2016,fuel,Biomass,TJ,13547.078588420001
Czechia,2016,fuel,Coal,TJ,63818.60794395
Czechia,2016,fuel,Lignite,TJ,414796.1426829
Czechia,2016,fuel,LiquidFuels,TJ,1943.1680325900004
Czechia,2016,fuel,NaturalGas,TJ,28150.000846683994
Czechia,2016,fuel,OtherGases,TJ,24581.589333990003
Czechia,2016,fuel,OtherSolidFuels,TJ,491083.50379310007
Czechia,2016,fuel,Peat,TJ,1
Czechia,2016,pollutant,DUST,tonnes,2568.7446250000003
Czechia,2016,pollutant,NOX,tonnes,50537.32099999999
Czechia,2016,pollutant,SO2,tonnes,68858.01439899999
Czechia,2017,fuel,Biomass,TJ,14508.790040856002
Czechia,2017,fuel,Coal,TJ,52018.53804555001
Czechia,2017,fuel,Lignite,TJ,422204.63995308016
Czechia,2017,fuel,LiquidFuels,TJ,3716.950327118001
Czechia,2017,fuel,NaturalGas,TJ,26792.085654767998
Czechia,2017,fuel,OtherGases,TJ,30607.442477770004
Czechia,2017,fuel,OtherSolidFuels,TJ,487661.3849557749
Czechia,2017,fuel,Peat,TJ,0
Czechia,2017,pollutant,DUST,tonnes,2464.5717470000004
Czechia,2017,pollutant,NOX,tonnes,47220.2513
Czechia,2017,pollutant,SO2,tonnes,64496.587336999975
Czechia,2018,fuel,Biomass,TJ,13757.751068999998
Czechia,2018,fuel,Coal,TJ,42745.88305000001
Czechia,2018,fuel,Lignite,TJ,431498.8235830001
Czechia,2018,fuel,LiquidFuels,TJ,2958.3739940000005
Czechia,2018,fuel,NaturalGas,TJ,25958.329184
Czechia,2018,fuel,OtherGases,TJ,36438.66848200001
Czechia,2018,fuel,OtherSolidFuels,TJ,10890.701318
Czechia,2018,fuel,Peat,TJ,0
Czechia,2018,pollutant,DUST,tonnes,2572.4902740000007
Czechia,2018,pollutant,NOX,tonnes,44487.53550999997
Czechia,2018,pollutant,SO2,tonnes,56234.096235000005
Czechia,2019,fuel,Biomass,TJ,15492.987163
Czechia,2019,fuel,Coal,TJ,30192.364735000003
Czechia,2019,fuel,Lignite,TJ,401017.65473099996
Czechia,2019,fuel,LiquidFuels,TJ,3418.9676870000003
Czechia,2019,fuel,NaturalGas,TJ,40151.886224
Czechia,2019,fuel,OtherGases,TJ,27943.682248999998
Czechia,2019,fuel,OtherSolidFuels,TJ,7179.828071
Czechia,2019,fuel,Peat,TJ,0
Czechia,2019,pollutant,DUST,tonnes,2259.485207999999
Czechia,2019,pollutant,NOX,tonnes,39205.26662999999
Czechia,2019,pollutant,SO2,tonnes,42790.94635799999
Czechia,2020,fuel,Biomass,TJ,17115.747905999997
Czechia,2020,fuel,Coal,TJ,26142.015247
Czechia,2020,fuel,Lignite,TJ,333034.925765
Czechia,2020,fuel,LiquidFuels,TJ,2869.893764
Czechia,2020,fuel,NaturalGas,TJ,46388.700774
Czechia,2020,fuel,OtherGases,TJ,23938.407645999996
Czechia,2020,fuel,OtherSolidFuels,TJ,6928.1143139999995
Czechia,2020,fuel,Peat,TJ,172.899368
Czechia,2020,pollutant,DUST,tonnes,1748.2592079999995
Czechia,2020,pollutant,NOX,tonnes,32434.946539999997
Czechia,2020,pollutant,SO2,tonnes,30503.725697000005
Denmark,2016,fuel,Biomass,TJ,28295.393000000004
Denmark,2016,fuel,Coal,TJ,84228.913
Denmark,2016,fuel,Lignite,TJ,0
Denmark,2016,fuel,LiquidFuels,TJ,5004.9008023
Denmark,2016,fuel,NaturalGas,TJ,16489.952
Denmark,2016,fuel,OtherGases,TJ,13141.25
Denmark,2016,fuel,OtherSolidFuels,TJ,84228.913
Denmark,2016,fuel,Peat,TJ,0
Denmark,2016,pollutant,DUST,tonnes,334.64404500000006
Denmark,2016,pollutant,NOX,tonnes,5570.092900000003
Denmark,2016,pollutant,SO2,tonnes,1837.17681
Denmark,2017,fuel,Biomass,TJ,52085.62
Denmark,2017,fuel,Coal,TJ,61382.702999999994
Denmark,2017,fuel,Lignite,TJ,0
Denmark,2017,fuel,LiquidFuels,TJ,3901.702353
Denmark,2017,fuel,NaturalGas,TJ,11054.908
Denmark,2017,fuel,OtherGases,TJ,12397.3872
Denmark,2017,fuel,OtherSolidFuels,TJ,61382.703
Denmark,2017,fuel,Peat,TJ,0
Denmark,2017,pollutant,DUST,tonnes,252.00658
Denmark,2017,pollutant,NOX,tonnes,5491.292100000001
Denmark,2017,pollutant,SO2,tonnes,2042.5839700000001
Denmark,2018,fuel,Biomass,TJ,41859.975000000006
Denmark,2018,fuel,Coal,TJ,56828.327
Denmark,2018,fuel,Lignite,TJ,0
Denmark,2018,fuel,LiquidFuels,TJ,8243.32042
Denmark,2018,fuel,NaturalGas,TJ,13613.176999999998
Denmark,2018,fuel,OtherGases,TJ,13848.9625
Denmark,2018,fuel,OtherSolidFuels,TJ,42
Denmark,2018,fuel,Peat,TJ,0
Denmark,2018,pollutant,DUST,tonnes,242.05387500000003
Denmark,2018,pollutant,NOX,tonnes,5126.121929999999
Denmark,2018,pollutant,SO2,tonnes,1859.0044229999999
Denmark,2019,fuel,Biomass,TJ,52383.4898
Denmark,2019,fuel,Coal,TJ,38009.483689999994
Denmark,2019,fuel,Lignite,TJ,0
Denmark,2019,fuel,LiquidFuels,TJ,3329.3044099999997
Denmark,2019,fuel,NaturalGas,TJ,12940.70409
Denmark,2019,fuel,OtherGases,TJ,20138.2722
Denmark,2019,fuel,OtherSolidFuels,TJ,59
Denmark,2019,fuel,Peat,TJ,0
Denmark,2019,pollutant,DUST,tonnes,187.78342299999997
Denmark,2019,pollutant,NOX,tonnes,4269.5948530000005
Denmark,2019,pollutant,SO2,tonnes,1339.9525469999999
Denmark,2020,fuel,Biomass,TJ,54533.696731
Denmark,2020,fuel,Coal,TJ,29026.840666999997
Denmark,2020,fuel,Lignite,TJ,0
Denmark,2020,fuel,LiquidFuels,TJ,3199.8882949999997
Denmark,2020,fuel,NaturalGas,TJ,9052.669999999998
Denmark,2020,fuel,OtherGases,TJ,13329.90099
Denmark,2020,fuel,OtherSolidFuels,TJ,166.853
Denmark,2020,fuel,Peat,TJ,0
Denmark,2020,pollutant,DUST,tonnes,157.91915200000003
Denmark,2020,pollutant,NOX,tonnes,3875.92879
Denmark,2020,pollutant,SO2,tonnes,1258.6726940000005
Denmark,2021,fuel,Biomass,TJ,78386.657
Denmark,2021,fuel,Coal,TJ,39641.325
Denmark,2021,fuel,Lignite,TJ,0
Denmark,2021,fuel,LiquidFuels,TJ,3520.601643
Denmark,2021,fuel,NaturalGas,TJ,8732.94246
Denmark,2021,fuel,OtherGases,TJ,14330.485499999999
Denmark,2021,fuel,OtherSolidFuels,TJ,100
Denmark,2021,fuel,Peat,TJ,0
Denmark,2021,pollutant,DUST,tonnes,232.744391
Denmark,2021,pollutant,NOX,tonnes,4637.100321000001
Denmark,2021,pollutant,SO2,tonnes,1310.415232
Estonia,2016,fuel,Biomass,TJ,8484.067
Estonia,2016,fuel,Coal,TJ,0
Estonia,2016,fuel,Lignite,TJ,0
Estonia,2016,fuel,LiquidFuels,TJ,669.316
Estonia,2016,fuel,NaturalGas,TJ,4790.533
Estonia,2016,fuel,OtherGases,TJ,9524.84
Estonia,2016,fuel,OtherSolidFuels,TJ,91775.37499999999
Estonia,2016,fuel,Peat,TJ,1024.565
Estonia,2016,pollutant,DUST,tonnes,1951.971
Estonia,2016,pollutant,NOX,tonnes,7278.41
Estonia,2016,pollutant,SO2,tonnes,22215.002000000008
Estonia,2017,fuel,Biomass,TJ,8725.391999999998
Estonia,2017,fuel,Coal,TJ,0
Estonia,2017,fuel,Lignite,TJ,0
Estonia,2017,fuel,LiquidFuels,TJ,575.3939999999999
Estonia,2017,fuel,NaturalGas,TJ,3890.7030000000004
Estonia,2017,fuel,OtherGases,TJ,11875.724000000002
Estonia,2017,fuel,OtherSolidFuels,TJ,105380.81300000001
Estonia,2017,fuel,Peat,TJ,963.472
Estonia,2017,pollutant,DUST,tonnes,3237.9999999999995
Estonia,2017,pollutant,NOX,tonnes,9104.94
Estonia,2017,pollutant,SO2,tonnes,30393.018
Estonia,2018,fuel,Biomass,TJ,10937.38
Estonia,2018,fuel,Coal,TJ,0
Estonia,2018,fuel,Lignite,TJ,0
Estonia,2018,fuel,LiquidFuels,TJ,459.78700000000003
Estonia,2018,fuel,NaturalGas,TJ,4019.2493
Estonia,2018,fuel,OtherGases,TJ,25653
Estonia,2018,fuel,OtherSolidFuels,TJ,96684
Estonia,2018,fuel,Peat,TJ,1017.6800000000001
Estonia,2018,pollutant,DUST,tonnes,2398.1281
Estonia,2018,pollutant,NOX,tonnes,8023.50547
Estonia,2018,pollutant,SO2,tonnes,23457.22397
Estonia,2019,fuel,Biomass,TJ,12526
Estonia,2019,fuel,Coal,TJ,0
Estonia,2019,fuel,Lignite,TJ,0
Estonia,2019,fuel,LiquidFuels,TJ,359.4406
Estonia,2019,fuel,NaturalGas,TJ,3158.65
Estonia,2019,fuel,OtherGases,TJ,12665
Estonia,2019,fuel,OtherSolidFuels,TJ,45835
Estonia,2019,fuel,Peat,TJ,721.5
Estonia,2019,pollutant,DUST,tonnes,1188.715
Estonia,2019,pollutant,NOX,tonnes,4907.5470000000005
Estonia,2019,pollutant,SO2,tonnes,11288.651
Estonia,2020,fuel,Biomass,TJ,14206.473
Estonia,2020,fuel,Coal,TJ,0
Estonia,2020,fuel,Lignite,TJ,0
Estonia,2020,fuel,LiquidFuels,TJ,320.18999999999994
Estonia,2020,fuel,NaturalGas,TJ,3064.097
Estonia,2020,fuel,OtherGases,TJ,12039
Estonia,2020,fuel,OtherSolidFuels,TJ,25778
Estonia,2020,fuel,Peat,TJ,525.5
Estonia,2020,pollutant,DUST,tonnes,436.873
Estonia,2020,pollutant,NOX,tonnes,3633.6612
Estonia,2020,pollutant,SO2,tonnes,4313.892
Estonia,2021,fuel,Biomass,TJ,17002
Estonia,2021,fuel,Coal,TJ,0
Estonia,2021,fuel,Lignite,TJ,0
Estonia,2021,fuel,LiquidFuels,TJ,600.91
Estonia,2021,fuel,NaturalGas,TJ,2623.337
Estonia,2021,fuel,OtherGases,TJ,11086
Estonia,2021,fuel,OtherSolidFuels,TJ,38916
Estonia,2021,fuel,Peat,TJ,109.39
Estonia,2021,pollutant,DUST,tonnes,470.245
Estonia,2021,pollutant,NOX,tonnes,4023.48
Estonia,2021,pollutant,SO2,tonnes,5747.093
Finland,2016,fuel,Biomass,TJ,70670.01999999999
Finland,2016,fuel,Coal,TJ,78684.14
Finland,2016,fuel,Lignite,TJ,0
Finland,2016,fuel,LiquidFuels,TJ,6051.393999999998
Finland,2016,fuel,NaturalGas,TJ,43850.04
Finland,2016,fuel,OtherGases,TJ,8385.94
Finland,2016,fuel,OtherSolidFuels,TJ,147391.37999999998
Finland,2016,fuel,Peat,TJ,42232.47
Finland,2016,pollutant,DUST,tonnes,865.8499999999996
Finland,2016,pollutant,NOX,tonnes,24738.680000000008
Finland,2016,pollutant,SO2,tonnes,15142.310000000009
Finland,2017,fuel,Biomass,TJ,80426.37180000001
Finland,2017,fuel,Coal,TJ,67539.49675
Finland,2017,fuel,Lignite,TJ,0
Finland,2017,fuel,LiquidFuels,TJ,5257.065
Finland,2017,fuel,NaturalGas,TJ,38389.952600000004
Finland,2017,fuel,OtherGases,TJ,5004.145
Finland,2017,fuel,OtherSolidFuels,TJ,76708.13875
Finland,2017,fuel,Peat,TJ,38949.00600000001
Finland,2017,pollutant,DUST,tonnes,647.3570999999996
Finland,2017,pollutant,NOX,tonnes,21718.357900000003
Finland,2017,pollutant,SO2,tonnes,12234.757499999992
Finland,2018,fuel,Biomass,TJ,61304.751
Finland,2018,fuel,Coal,TJ,60577.638
Finland,2018,fuel,Lignite,TJ,0
Finland,2018,fuel,LiquidFuels,TJ,4012.3545000000004
Finland,2018,fuel,NaturalGas,TJ,46054.53
Finland,2018,fuel,OtherGases,TJ,8527.2556
Finland,2018,fuel,OtherSolidFuels,TJ,1131.1
Finland,2018,fuel,Peat,TJ,38343.78
Finland,2018,pollutant,DUST,tonnes,469.33993999999996
Finland,2018,pollutant,NOX,tonnes,18638.150750000004
Finland,2018,pollutant,SO2,tonnes,10722.796790000002
Finland,2019,fuel,Biomass,TJ,59167.78999999999
Finland,2019,fuel,Coal,TJ,47665.758
Finland,2019,fuel,Lignite,TJ,0
Finland,2019,fuel,LiquidFuels,TJ,5135.088
Finland,2019,fuel,NaturalGas,TJ,40831.72
Finland,2019,fuel,OtherGases,TJ,6950.4066
Finland,2019,fuel,OtherSolidFuels,TJ,1331.6
Finland,2019,fuel,Peat,TJ,34832.89
Finland,2019,pollutant,DUST,tonnes,383.0143299999997
Finland,2019,pollutant,NOX,tonnes,15667.24927
Finland,2019,pollutant,SO2,tonnes,8459.999240000005
Finland,2020,fuel,Biomass,TJ,56139.4
Finland,2020,fuel,Coal,TJ,28445.230000000003
Finland,2020,fuel,Lignite,TJ,0
Finland,2020,fuel,LiquidFuels,TJ,22380.673999999995
Finland,2020,fuel,NaturalGas,TJ,42792.24999999999
Finland,2020,fuel,OtherGases,TJ,7456.704
Finland,2020,fuel,OtherSolidFuels,TJ,412.8
Finland,2020,fuel,Peat,TJ,24552.5
Finland,2020,pollutant,DUST,tonnes,251.60049999999995
Finland,2020,pollutant,NOX,tonnes,11054.984900000001
Finland,2020,pollutant,SO2,tonnes,4974.689100000001
Finland,2021,fuel,Biomass,TJ,68245.6
Finland,2021,fuel,Coal,TJ,32079.93
Finland,2021,fuel,Lignite,TJ,0
Finland,2021,fuel,LiquidFuels,TJ,5956.9580000000005
Finland,2021,fuel,NaturalGas,TJ,44348.797
Finland,2021,fuel,OtherGases,TJ,8776.475999999999
Finland,2021,fuel,OtherSolidFuels,TJ,513.5
Finland,2021,fuel,Peat,TJ,21687.5
Finland,2021,pollutant,DUST,tonnes,276.21850000000006
Finland,2021,pollutant,NOX,tonnes,11700.817999999996
Finland,2021,pollutant,SO2,tonnes,4893.0677000000005
France,2016,fuel,Biomass,TJ,70998.48822783798
France,2016,fuel,Coal,TJ,121400.41987020298
France,2016,fuel,Lignite,TJ,0
France,2016,fuel,LiquidFuels,TJ,78086.57333712283
France,2016,fuel,NaturalGas,TJ,323160.26823188295
France,2016,fuel,OtherGases,TJ,125841
France,2016,fuel,OtherSolidFuels,TJ,126189.41986969624
France,2016,fuel,Peat,TJ,0
France,2016,pollutant,DUST,tonnes,3040.8864045615296
France,2016,pollutant,NOX,tonnes,51398.15820449385
France,2016,pollutant,SO2,tonnes,43420.69280960005
France,2017,fuel,Biomass,TJ,69521
France,2017,fuel,Coal,TJ,141235
France,2017,fuel,Lignite,TJ,0
France,2017,fuel,LiquidFuels,TJ,80114
France,2017,fuel,NaturalGas,TJ,349202
France,2017,fuel,OtherGases,TJ,120484
France,2017,fuel,OtherSolidFuels,TJ,145576
France,2017,fuel,Peat,TJ,0
France,2017,pollutant,DUST,tonnes,2810.699004521998
France,2017,pollutant,NOX,tonnes,56949.88967492059
France,2017,pollutant,SO2,tonnes,41540.9214447461
France,2018,fuel,Biomass,TJ,69362.4123
France,2018,fuel,Coal,TJ,102050.666184
France,2018,fuel,Lignite,TJ,0
France,2018,fuel,LiquidFuels,TJ,68122.221257
France,2018,fuel,NaturalGas,TJ,289174.45470700006
France,2018,fuel,OtherGases,TJ,119172.75570000001
France,2018,fuel,OtherSolidFuels,TJ,4000.110238
France,2018,fuel,Peat,TJ,0
France,2018,pollutant,DUST,tonnes,2499.619999999999
France,2018,pollutant,NOX,tonnes,51345.069999999985
France,2018,pollutant,SO2,tonnes,36958.066000000006
France,2019,fuel,Biomass,TJ,69764.0043
France,2019,fuel,Coal,TJ,57878.832023
France,2019,fuel,Lignite,TJ,0
France,2019,fuel,LiquidFuels,TJ,61236.623042
France,2019,fuel,NaturalGas,TJ,336348.214387
France,2019,fuel,OtherGases,TJ,176911.963338
France,2019,fuel,OtherSolidFuels,TJ,3409.123451
France,2019,fuel,Peat,TJ,0
France,2019,pollutant,DUST,tonnes,1951.8424780000003
France,2019,pollutant,NOX,tonnes,39495.78158200002
France,2019,pollutant,SO2,tonnes,27127.332356000006
France,2020,fuel,Biomass,TJ,69005.11036299999
France,2020,fuel,Coal,TJ,46081.919819
France,2020,fuel,Lignite,TJ,0
France,2020,fuel,LiquidFuels,TJ,56490.38040600001
France,2020,fuel,NaturalGas,TJ,309415.85020900005
France,2020,fuel,OtherGases,TJ,143552.16705100003
France,2020,fuel,OtherSolidFuels,TJ,3958.719971
France,2020,fuel,Peat,TJ,0
France,2020,pollutant,DUST,tonnes,2090.5300009999996
France,2020,pollutant,NOX,tonnes,33299.150009000005
France,2020,pollutant,SO2,tonnes,21601.619997000016
France,2021,fuel,Biomass,TJ,76196.637422
France,2021,fuel,Coal,TJ,62648.71058
France,2021,fuel,Lignite,TJ,0
France,2021,fuel,LiquidFuels,TJ,62489.559386
France,2021,fuel,NaturalGas,TJ,291193.56257
France,2021,fuel,OtherGases,TJ,93114.86599699999
France,2021,fuel,OtherSolidFuels,TJ,2983.021484
France,2021,fuel,Peat,TJ,0
France,2021,pollutant,DUST,tonnes,2194.5693239999996
France,2021,pollutant,NOX,tonnes,33124.20672300002
France,2021,pollutant,SO2,tonnes,23216.81661199999
Germany,2016,fuel,Biomass,TJ,48529.306
Germany,2016,fuel,Coal,TJ,905563.168
Germany,2016,fuel,Lignite,TJ,833289.1270000001
Germany,2016,fuel,LiquidFuels,TJ,74913.29999999999
Germany,2016,fuel,NaturalGas,TJ,722098.5310000001
Germany,2016,fuel,OtherGases,TJ,429249.669
Germany,2016,fuel,OtherSolidFuels,TJ,1753935.7310000001
Germany,2016,fuel,Peat,TJ,0
Germany,2016,pollutant,DUST,tonnes,3543.636000000002
Germany,2016,pollutant,NOX,tonnes,162598.88700000005
Germany,2016,pollutant,SO2,tonnes,85663.03
Germany,2017,fuel,Biomass,TJ,48920.922000000006
Germany,2017,fuel,Coal,TJ,751563.616
Germany,2017,fuel,Lignite,TJ,847062.37
Germany,2017,fuel,LiquidFuels,TJ,72270.54599999999
Germany,2017,fuel,NaturalGas,TJ,737215.181
Germany,2017,fuel,OtherGases,TJ,421770.16799999995
Germany,2017,fuel,OtherSolidFuels,TJ,1611162.5629999996
Germany,2017,fuel,Peat,TJ,0
Germany,2017,pollutant,DUST,tonnes,3107.1640000000007
Germany,2017,pollutant,NOX,tonnes,151163.70500000005
Germany,2017,pollutant,SO2,tonnes,82629.35399999989
Germany,2018,fuel,Biomass,TJ,23744.556999999997
Germany,2018,fuel,Coal,TJ,606933.4310000001
Germany,2018,fuel,Lignite,TJ,1047153.9550000001
Germany,2018,fuel,LiquidFuels,TJ,56381.026
Germany,2018,fuel,NaturalGas,TJ,665620.6560000001
Germany,2018,fuel,OtherGases,TJ,414253.4680000001
Germany,2018,fuel,OtherSolidFuels,TJ,10118.038999999999
Germany,2018,fuel,Peat,TJ,0
Germany,2018,pollutant,DUST,tonnes,3337.3420000000087
Germany,2018,pollutant,NOX,tonnes,151647.69800000003
Germany,2018,pollutant,SO2,tonnes,87493.87600000005
Germany,2019,fuel,Biomass,TJ,22998.394
Germany,2019,fuel,Coal,TJ,463123.16399999993
Germany,2019,fuel,Lignite,TJ,587263.4380000001
Germany,2019,fuel,LiquidFuels,TJ,64900.53100000001
Germany,2019,fuel,NaturalGas,TJ,729403.81
Germany,2019,fuel,OtherGases,TJ,383259.426
Germany,2019,fuel,OtherSolidFuels,TJ,646.888
Germany,2019,fuel,Peat,TJ,0
Germany,2019,pollutant,DUST,tonnes,1990.090999999996
Germany,2019,pollutant,NOX,tonnes,106191.45599999989
Germany,2019,pollutant,SO2,tonnes,54115.907999999894
Germany,2020,fuel,Biomass,TJ,37717.442
Germany,2020,fuel,Coal,TJ,351297.341
Germany,2020,fuel,Lignite,TJ,433609.5800000001
Germany,2020,fuel,LiquidFuels,TJ,65680.988
Germany,2020,fuel,NaturalGas,TJ,782633.5769999999
Germany,2020,fuel,OtherGases,TJ,369863.341
Germany,2020,fuel,OtherSolidFuels,TJ,1037.2499999999998
Germany,2020,fuel,Peat,TJ,0
Germany,2020,pollutant,DUST,tonnes,1565.3079999999995
Germany,2020,pollutant,NOX,tonnes,90451.90900000001
Germany,2020,pollutant,SO2,tonnes,38205.280000000006
Germany,2021,fuel,Biomass,TJ,35416.663
Germany,2021,fuel,Coal,TJ,430637.06799999997
Germany,2021,fuel,Lignite,TJ,524845.894
Germany,2021,fuel,LiquidFuels,TJ,69773.966
Germany,2021,fuel,NaturalGas,TJ,754330.4299999999
Germany,2021,fuel,OtherGases,TJ,390722.859
Germany,2021,fuel,OtherSolidFuels,TJ,6192.548
Germany,2021,fuel,Peat,TJ,0
Germany,2021,pollutant,DUST,tonnes,1965.580999999999
Germany,2021,pollutant,NOX,tonnes,98720.62700000007
Germany,2021,pollutant,SO2,tonnes,42419.278000000006
Greece,2016,fuel,Biomass,TJ,0
Greece,2016,fuel,Coal,TJ,0
Greece,2016,fuel,Lignite,TJ,173666
Greece,2016,fuel,LiquidFuels,TJ,44061.93719999999
Greece,2016,fuel,NaturalGas,TJ,101171.737928637
Greece,2016,fuel,OtherGases,TJ,38923.75
Greece,2016,fuel,OtherSolidFuels,TJ,173666
Greece,2016,fuel,Peat,TJ,0
Greece,2016,pollutant,DUST,tonnes,3258.0118724490003
Greece,2016,pollutant,NOX,tonnes,59931.53766369719
Greece,2016,pollutant,SO2,tonnes,35533.285832168
Greece,2017,fuel,Biomass,TJ,0
Greece,2017,fuel,Coal,TJ,1
Greece,2017,fuel,Lignite,TJ,193096
Greece,2017,fuel,LiquidFuels,TJ,46071.3556
Greece,2017,fuel,NaturalGas,TJ,117203.78466400002
Greece,2017,fuel,OtherGases,TJ,40939.17
Greece,2017,fuel,OtherSolidFuels,TJ,193097
Greece,2017,fuel,Peat,TJ,0
Greece,2017,pollutant,DUST,tonnes,4302.127000000001
Greece,2017,pollutant,NOX,tonnes,62543.42100000002
Greece,2017,pollutant,SO2,tonnes,42819.90920000002
Greece,2018,fuel,Biomass,TJ,0
Greece,2018,fuel,Coal,TJ,0
Greece,2018,fuel,Lignite,TJ,106901
Greece,2018,fuel,LiquidFuels,TJ,109711.73000000003
Greece,2018,fuel,NaturalGas,TJ,133215.84
Greece,2018,fuel,OtherGases,TJ,44521
Greece,2018,fuel,OtherSolidFuels,TJ,0
Greece,2018,fuel,Peat,TJ,0
Greece,2018,pollutant,DUST,tonnes,3509.730000000001
Greece,2018,pollutant,NOX,tonnes,55267.98
Greece,2018,pollutant,SO2,tonnes,36416.61000000001
Greece,2019,fuel,Biomass,TJ,0
Greece,2019,fuel,Coal,TJ,0
Greece,2019,fuel,Lignite,TJ,128821
Greece,2019,fuel,LiquidFuels,TJ,41921.743
Greece,2019,fuel,NaturalGas,TJ,124011.08
Greece,2019,fuel,OtherGases,TJ,41737.34
Greece,2019,fuel,OtherSolidFuels,TJ,0
Greece,2019,fuel,Peat,TJ,0
Greece,2019,pollutant,DUST,tonnes,2138.4371999999994
Greece,2019,pollutant,NOX,tonnes,54239.744999999995
Greece,2019,pollutant,SO2,tonnes,33980.05526000001
Greece,2020,fuel,Biomass,TJ,0
Greece,2020,fuel,Coal,TJ,0
Greece,2020,fuel,Lignite,TJ,71006
Greece,2020,fuel,LiquidFuels,TJ,35382.465000000004
Greece,2020,fuel,NaturalGas,TJ,136141.038
Greece,2020,fuel,OtherGases,TJ,42536.98
Greece,2020,fuel,OtherSolidFuels,TJ,0
Greece,2020,fuel,Peat,TJ,0
Greece,2020,pollutant,DUST,tonnes,1420.2670000000005
Greece,2020,pollutant,NOX,tonnes,44480.621
Greece,2020,pollutant,SO2,tonnes,24912.309600000008
Greece,2021,fuel,Biomass,TJ,0
Greece,2021,fuel,Coal,TJ,0
Greece,2021,fuel,Lignite,TJ,64174
Greece,2021,fuel,LiquidFuels,TJ,38122.72580000001
Greece,2021,fuel,NaturalGas,TJ,159474.479
Greece,2021,fuel,OtherGases,TJ,43294.65
Greece,2021,fuel,OtherSolidFuels,TJ,0
Greece,2021,fuel,Peat,TJ,0
Greece,2021,pollutant,DUST,tonnes,1406.9445999999998
Greece,2021,pollutant,NOX,tonnes,43297.24599999999
Greece,2021,pollutant,SO2,tonnes,22278.896640999996
Hungary,2016,fuel,Biomass,TJ,19945.129999999997
Hungary,2016,fuel,Coal,TJ,58571.23
Hungary,2016,fuel,Lignite,TJ,0
Hungary,2016,fuel,LiquidFuels,TJ,1154.76
Hungary,2016,fuel,NaturalGas,TJ,59503.100999999995
Hungary,2016,fuel,OtherGases,TJ,24741.38
Hungary,2016,fuel,OtherSolidFuels,TJ,61370.8
Hungary,2016,fuel,Peat,TJ,0
Hungary,2016,pollutant,DUST,tonnes,214.6657
Hungary,2016,pollutant,NOX,tonnes,8641.967000000002
Hungary,2016,pollutant,SO2,tonnes,6295.2868
Hungary,2017,fuel,Biomass,TJ,23261.510000000002
Hungary,2017,fuel,Coal,TJ,55514.97
Hungary,2017,fuel,Lignite,TJ,0
Hungary,2017,fuel,LiquidFuels,TJ,1362.6429
Hungary,2017,fuel,NaturalGas,TJ,64669.270000000004
Hungary,2017,fuel,OtherGases,TJ,21982.48
Hungary,2017,fuel,OtherSolidFuels,TJ,57327.18
Hungary,2017,fuel,Peat,TJ,0
Hungary,2017,pollutant,DUST,tonnes,461.4148
Hungary,2017,pollutant,NOX,tonnes,10032.349000000002
Hungary,2017,pollutant,SO2,tonnes,11145.226
Hungary,2018,fuel,Biomass,TJ,16980.312
Hungary,2018,fuel,Coal,TJ,3730.54
Hungary,2018,fuel,Lignite,TJ,0
Hungary,2018,fuel,LiquidFuels,TJ,573.3389999999999
Hungary,2018,fuel,NaturalGas,TJ,54823.912
Hungary,2018,fuel,OtherGases,TJ,23631.5
Hungary,2018,fuel,OtherSolidFuels,TJ,758
Hungary,2018,fuel,Peat,TJ,0
Hungary,2018,pollutant,DUST,tonnes,117.71700000000003
Hungary,2018,pollutant,NOX,tonnes,4024.4699999999984
Hungary,2018,pollutant,SO2,tonnes,1059.7189999999998
Hungary,2019,fuel,Biomass,TJ,18831.164
Hungary,2019,fuel,Coal,TJ,3481.2200000000003
Hungary,2019,fuel,Lignite,TJ,0
Hungary,2019,fuel,LiquidFuels,TJ,534.9434000000001
Hungary,2019,fuel,NaturalGas,TJ,66630.53
Hungary,2019,fuel,OtherGases,TJ,22000.019
Hungary,2019,fuel,OtherSolidFuels,TJ,1636.7
Hungary,2019,fuel,Peat,TJ,0
Hungary,2019,pollutant,DUST,tonnes,66.07000000000001
Hungary,2019,pollutant,NOX,tonnes,4522.3060000000005
Hungary,2019,pollutant,SO2,tonnes,993.5224999999999
Hungary,2020,fuel,Biomass,TJ,17082.3492
Hungary,2020,fuel,Coal,TJ,425.086
Hungary,2020,fuel,Lignite,TJ,0
Hungary,2020,fuel,LiquidFuels,TJ,367.1523
Hungary,2020,fuel,NaturalGas,TJ,71609.73060000001
Hungary,2020,fuel,OtherGases,TJ,22214.22
Hungary,2020,fuel,OtherSolidFuels,TJ,1004.0020000000001
Hungary,2020,fuel,Peat,TJ,0
Hungary,2020,pollutant,DUST,tonnes,70.3194
Hungary,2020,pollutant,NOX,tonnes,4035.631749999999
Hungary,2020,pollutant,SO2,tonnes,641.9584999999998
Hungary,2021,fuel,Biomass,TJ,17870.39
Hungary,2021,fuel,Coal,TJ,137.00699999999998
Hungary,2021,fuel,Lignite,TJ,0
Hungary,2021,fuel,LiquidFuels,TJ,684.991
Hungary,2021,fuel,NaturalGas,TJ,73244.95700000001
Hungary,2021,fuel,OtherGases,TJ,21346.456000000002
Hungary,2021,fuel,OtherSolidFuels,TJ,860.746
Hungary,2021,fuel,Peat,TJ,0
Hungary,2021,pollutant,DUST,tonnes,57.598945000000015
Hungary,2021,pollutant,NOX,tonnes,4217.147466
Hungary,2021,pollutant,SO2,tonnes,378.5189259999999
Ireland,2016,fuel,Biomass,TJ,3527.57
Ireland,2016,fuel,Coal,TJ,46106.07
Ireland,2016,fuel,Lignite,TJ,0
Ireland,2016,fuel,LiquidFuels,TJ,2651.31
Ireland,2016,fuel,NaturalGas,TJ,104883.28000000001
Ireland,2016,fuel,OtherGases,TJ,0.8879899999999998
Ireland,2016,fuel,OtherSolidFuels,TJ,67581.85
Ireland,2016,fuel,Peat,TJ,21475.78
Ireland,2016,pollutant,DUST,tonnes,346.8886000000001
Ireland,2016,pollutant,NOX,tonnes,8499.179999999998
Ireland,2016,pollutant,SO2,tonnes,3914.64
Ireland,2017,fuel,Biomass,TJ,3446.4
Ireland,2017,fuel,Coal,TJ,36326.020000000004
Ireland,2017,fuel,Lignite,TJ,0
Ireland,2017,fuel,LiquidFuels,TJ,1388.8400000000001
Ireland,2017,fuel,NaturalGas,TJ,108689.88000000002
Ireland,2017,fuel,OtherGases,TJ,1.33
Ireland,2017,fuel,OtherSolidFuels,TJ,36326.020000000004
Ireland,2017,fuel,Peat,TJ,20141.92
Ireland,2017,pollutant,DUST,tonnes,294.665
Ireland,2017,pollutant,NOX,tonnes,8125.410000000001
Ireland,2017,pollutant,SO2,tonnes,3939.671000000001
Ireland,2018,fuel,Biomass,TJ,3034.63
Ireland,2018,fuel,Coal,TJ,20457.78
Ireland,2018,fuel,Lignite,TJ,0
Ireland,2018,fuel,LiquidFuels,TJ,1470.4100000000003
Ireland,2018,fuel,NaturalGas,TJ,158818
Ireland,2018,fuel,OtherGases,TJ,1.49
Ireland,2018,fuel,OtherSolidFuels,TJ,0
Ireland,2018,fuel,Peat,TJ,19556.64
Ireland,2018,pollutant,DUST,tonnes,228.20227999999997
Ireland,2018,pollutant,NOX,tonnes,6412.6002
Ireland,2018,pollutant,SO2,tonnes,2801.98124
Ireland,2019,fuel,Biomass,TJ,3095.96
Ireland,2019,fuel,Coal,TJ,6360.03
Ireland,2019,fuel,Lignite,TJ,0
Ireland,2019,fuel,LiquidFuels,TJ,3426.3199999999997
Ireland,2019,fuel,NaturalGas,TJ,115769.52
Ireland,2019,fuel,OtherGases,TJ,0.54
Ireland,2019,fuel,OtherSolidFuels,TJ,0
Ireland,2019,fuel,Peat,TJ,17986.34
Ireland,2019,pollutant,DUST,tonnes,147.42034
Ireland,2019,pollutant,NOX,tonnes,5585.18036
Ireland,2019,pollutant,SO2,tonnes,2234.069200000001
Ireland,2020,fuel,Biomass,TJ,3954.69
Ireland,2020,fuel,Coal,TJ,7868.5599999999995
Ireland,2020,fuel,Lignite,TJ,0
Ireland,2020,fuel,LiquidFuels,TJ,4535.69
Ireland,2020,fuel,NaturalGas,TJ,116365.96000000002
Ireland,2020,fuel,OtherGases,TJ,0.45
Ireland,2020,fuel,OtherSolidFuels,TJ,0
Ireland,2020,fuel,Peat,TJ,8731.5
Ireland,2020,pollutant,DUST,tonnes,170.90689399999997
Ireland,2020,pollutant,NOX,tonnes,5382.188252
Ireland,2020,pollutant,SO2,tonnes,1997.3344949999998
Ireland,2021,fuel,Biomass,TJ,4050.4
Ireland,2021,fuel,Coal,TJ,27963
Ireland,2021,fuel,Lignite,TJ,0
Ireland,2021,fuel,LiquidFuels,TJ,15127.55
Ireland,2021,fuel,NaturalGas,TJ,106622.29000000001
Ireland,2021,fuel,OtherGases,TJ,0.48
Ireland,2021,fuel,OtherSolidFuels,TJ,0
Ireland,2021,fuel,Peat,TJ,2783.29
Ireland,2021,pollutant,DUST,tonnes,418.902872
Ireland,2021,pollutant,NOX,tonnes,6607.061
Ireland,2021,pollutant,SO2,tonnes,4686.558299999999
Italy,2016,fuel,Biomass,TJ,27290.786068349997
Italy,2016,fuel,Coal,TJ,330180.6597868
Italy,2016,fuel,Lignite,TJ,0
Italy,2016,fuel,LiquidFuels,TJ,33987.178836701
Italy,2016,fuel,NaturalGas,TJ,857552.4745155809
Italy,2016,fuel,OtherGases,TJ,217492.31315704001
Italy,2016,fuel,OtherSolidFuels,TJ,339354.66249819996
Italy,2016,fuel,Peat,TJ,0
Italy,2016,pollutant,DUST,tonnes,1011.5459844839996
Italy,2016,pollutant,NOX,tonnes,44617.60839987597
Italy,2016,pollutant,SO2,tonnes,21024.678864749996
Italy,2017,fuel,Biomass,TJ,28015.149999999998
Italy,2017,fuel,Coal,TJ,303675.22000000003
Italy,2017,fuel,Lignite,TJ,0
Italy,2017,fuel,LiquidFuels,TJ,34949.97000000001
Italy,2017,fuel,NaturalGas,TJ,946677.53
Italy,2017,fuel,OtherGases,TJ,208137.56399999998
Italy,2017,fuel,OtherSolidFuels,TJ,311660.54399999994
Italy,2017,fuel,Peat,TJ,0
Italy,2017,pollutant,DUST,tonnes,877.0032158350007
Italy,2017,pollutant,NOX,tonnes,43085.85973113801
Italy,2017,pollutant,SO2,tonnes,18815.60766091701
Italy,2018,fuel,Biomass,TJ,28128.695701831584
Italy,2018,fuel,Coal,TJ,266687.803329
Italy,2018,fuel,Lignite,TJ,0
Italy,2018,fuel,LiquidFuels,TJ,148662.09038399998
Italy,2018,fuel,NaturalGas,TJ,857594.5209569999
Italy,2018,fuel,OtherGases,TJ,165505.272719
Italy,2018,fuel,OtherSolidFuels,TJ,8196.742988999998
Italy,2018,fuel,Peat,TJ,0
Italy,2018,pollutant,DUST,tonnes,681.4549430000002
Italy,2018,pollutant,NOX,tonnes,38776.270399
Italy,2018,pollutant,SO2,tonnes,16330.524743999995
Italy,2019,fuel,Biomass,TJ,65852.26179126377
Italy,2019,fuel,Coal,TJ,178447.16840400003
Italy,2019,fuel,Lignite,TJ,0
Italy,2019,fuel,LiquidFuels,TJ,49681.529041
Italy,2019,fuel,NaturalGas,TJ,1263467.8980929998
Italy,2019,fuel,OtherGases,TJ,292802.32555300003
Italy,2019,fuel,OtherSolidFuels,TJ,7044.6715619999995
Italy,2019,fuel,Peat,TJ,0
Italy,2019,pollutant,DUST,tonnes,509.06344299999984
Italy,2019,pollutant,NOX,tonnes,35948.11140999997
Italy,2019,pollutant,SO2,tonnes,12738.829209
Italy,2020,fuel,Biomass,TJ,31728.774834999997
Italy,2020,fuel,Coal,TJ,132311.981928
Italy,2020,fuel,Lignite,TJ,0
Italy,2020,fuel,LiquidFuels,TJ,21999.804308
Italy,2020,fuel,NaturalGas,TJ,244743.042279
Italy,2020,fuel,OtherGases,TJ,170927.845633
Italy,2020,fuel,OtherSolidFuels,TJ,1715.379776
Italy,2020,fuel,Peat,TJ,0
Italy,2020,pollutant,DUST,tonnes,412.91545399999995
Italy,2020,pollutant,NOX,tonnes,34293.94990900001
Italy,2020,pollutant,SO2,tonnes,10637.165907999999
Italy,2021,fuel,Biomass,TJ,32151.406116999995
Italy,2021,fuel,Coal,TJ,139843.750291
Italy,2021,fuel,Lignite,TJ,0
Italy,2021,fuel,LiquidFuels,TJ,33110.688086
Italy,2021,fuel,NaturalGas,TJ,951135.248137
Italy,2021,fuel,OtherGases,TJ,154578.835505
Italy,2021,fuel,OtherSolidFuels,TJ,1799.125664
Italy,2021,fuel,Peat,TJ,0
Italy,2021,pollutant,DUST,tonnes,437.2405350000002
Italy,2021,pollutant,NOX,tonnes,33301.76133300001
Italy,2021,pollutant,SO2,tonnes,9651.192565999998
Latvia,2016,fuel,Biomass,TJ,1747.506743
Latvia,2016,fuel,Coal,TJ,0
Latvia,2016,fuel,Lignite,TJ,0
Latvia,2016,fuel,LiquidFuels,TJ,3.4779299999999997
Latvia,2016,fuel,NaturalGas,TJ,23108.070450000003
Latvia,2016,fuel,OtherGases,TJ,0
Latvia,2016,fuel,OtherSolidFuels,TJ,0
Latvia,2016,fuel,Peat,TJ,0
Latvia,2016,pollutant,DUST,tonnes,5.883194
Latvia,2016,pollutant,NOX,tonnes,1056.7363
Latvia,2016,pollutant,SO2,tonnes,118.08633999999999
Latvia,2017,fuel,Biomass,TJ,1973.6975
Latvia,2017,fuel,Coal,TJ,0
Latvia,2017,fuel,Lignite,TJ,0
Latvia,2017,fuel,LiquidFuels,TJ,1.8233
Latvia,2017,fuel,NaturalGas,TJ,18097.6825
Latvia,2017,fuel,OtherGases,TJ,0
Latvia,2017,fuel,OtherSolidFuels,TJ,0
Latvia,2017,fuel,Peat,TJ,0
Latvia,2017,pollutant,DUST,tonnes,6.90004
Latvia,2017,pollutant,NOX,tonnes,847.2119999999998
Latvia,2017,pollutant,SO2,tonnes,131.5791
Latvia,2018,fuel,Biomass,TJ,1646
Latvia,2018,fuel,Coal,TJ,0
Latvia,2018,fuel,Lignite,TJ,0
Latvia,2018,fuel,LiquidFuels,TJ,29.611
Latvia,2018,fuel,NaturalGas,TJ,25101.091
Latvia,2018,fuel,OtherGases,TJ,0
Latvia,2018,fuel,OtherSolidFuels,TJ,4620
Latvia,2018,fuel,Peat,TJ,105
Latvia,2018,pollutant,DUST,tonnes,6.533
Latvia,2018,pollutant,NOX,tonnes,1166.527
Latvia,2018,pollutant,SO2,tonnes,120.21400000000001
Latvia,2019,fuel,Biomass,TJ,1747
Latvia,2019,fuel,Coal,TJ,0
Latvia,2019,fuel,Lignite,TJ,0
Latvia,2019,fuel,LiquidFuels,TJ,0.998
Latvia,2019,fuel,NaturalGas,TJ,24363.892
Latvia,2019,fuel,OtherGases,TJ,0
Latvia,2019,fuel,OtherSolidFuels,TJ,0
Latvia,2019,fuel,Peat,TJ,0
Latvia,2019,pollutant,DUST,tonnes,6.683000000000001
Latvia,2019,pollutant,NOX,tonnes,1224.9489999999998
Latvia,2019,pollutant,SO2,tonnes,131.172
Latvia,2020,fuel,Biomass,TJ,1230
Latvia,2020,fuel,Coal,TJ,0
Latvia,2020,fuel,Lignite,TJ,0
Latvia,2020,fuel,LiquidFuels,TJ,0.15600000000000003
Latvia,2020,fuel,NaturalGas,TJ,16889.270999999997
Latvia,2020,fuel,OtherGases,TJ,0
Latvia,2020,fuel,OtherSolidFuels,TJ,2550
Latvia,2020,fuel,Peat,TJ,0
Latvia,2020,pollutant,DUST,tonnes,4.99
Latvia,2020,pollutant,NOX,tonnes,928.0020000000002
Latvia,2020,pollutant,SO2,tonnes,99.045
Latvia,2021,fuel,Biomass,TJ,2166.797
Latvia,2021,fuel,Coal,TJ,0
Latvia,2021,fuel,Lignite,TJ,0
Latvia,2021,fuel,LiquidFuels,TJ,0.8300000000000001
Latvia,2021,fuel,NaturalGas,TJ,18223.597
Latvia,2021,fuel,OtherGases,TJ,0
Latvia,2021,fuel,OtherSolidFuels,TJ,0
Latvia,2021,fuel,Peat,TJ,0
Latvia,2021,pollutant,DUST,tonnes,6.848000000000001
Latvia,2021,pollutant,NOX,tonnes,1041.1329999999998
Latvia,2021,pollutant,SO2,tonnes,135.236
Lithuania,2016,fuel,Biomass,TJ,3201.495
Lithuania,2016,fuel,Coal,TJ,0
Lithuania,2016,fuel,Lignite,TJ,0
Lithuania,2016,fuel,LiquidFuels,TJ,3019.4990000000003
Lithuania,2016,fuel,NaturalGas,TJ,17723.68
Lithuania,2016,fuel,OtherGases,TJ,14027
Lithuania,2016,fuel,OtherSolidFuels,TJ,0
Lithuania,2016,fuel,Peat,TJ,0
Lithuania,2016,pollutant,DUST,tonnes,91.1161
Lithuania,2016,pollutant,NOX,tonnes,1727.7169999999996
Lithuania,2016,pollutant,SO2,tonnes,3634.2205999999996
Lithuania,2017,fuel,Biomass,TJ,2655.69
Lithuania,2017,fuel,Coal,TJ,0
Lithuania,2017,fuel,Lignite,TJ,1
Lithuania,2017,fuel,LiquidFuels,TJ,2338.2980000000002
Lithuania,2017,fuel,NaturalGas,TJ,9711.865999999998
Lithuania,2017,fuel,OtherGases,TJ,14097
Lithuania,2017,fuel,OtherSolidFuels,TJ,1
Lithuania,2017,fuel,Peat,TJ,0
Lithuania,2017,pollutant,DUST,tonnes,82.50299999999999
Lithuania,2017,pollutant,NOX,tonnes,1349.96533
Lithuania,2017,pollutant,SO2,tonnes,2849.1569999999997
Lithuania,2018,fuel,Biomass,TJ,13722.55
Lithuania,2018,fuel,Coal,TJ,0
Lithuania,2018,fuel,Lignite,TJ,3.83
Lithuania,2018,fuel,LiquidFuels,TJ,2274
Lithuania,2018,fuel,NaturalGas,TJ,15027.465983
Lithuania,2018,fuel,OtherGases,TJ,14906
Lithuania,2018,fuel,OtherSolidFuels,TJ,0
Lithuania,2018,fuel,Peat,TJ,0
Lithuania,2018,pollutant,DUST,tonnes,395.01109999999994
Lithuania,2018,pollutant,NOX,tonnes,3396.088
Lithuania,2018,pollutant,SO2,tonnes,8926.1345
Lithuania,2019,fuel,Biomass,TJ,15227
Lithuania,2019,fuel,Coal,TJ,0
Lithuania,2019,fuel,Lignite,TJ,0
Lithuania,2019,fuel,LiquidFuels,TJ,2122.78
Lithuania,2019,fuel,NaturalGas,TJ,54293.218289
Lithuania,2019,fuel,OtherGases,TJ,15043
Lithuania,2019,fuel,OtherSolidFuels,TJ,32.24
Lithuania,2019,fuel,Peat,TJ,0
Lithuania,2019,pollutant,DUST,tonnes,871.3903
Lithuania,2019,pollutant,NOX,tonnes,2896.6405
Lithuania,2019,pollutant,SO2,tonnes,8089.3339
Luxembourg,2016,fuel,Biomass,TJ,0
Luxembourg,2016,fuel,Coal,TJ,0
Luxembourg,2016,fuel,Lignite,TJ,0
Luxembourg,2016,fuel,LiquidFuels,TJ,0
Luxembourg,2016,fuel,NaturalGas,TJ,141.347
Luxembourg,2016,fuel,OtherGases,TJ,0
Luxembourg,2016,fuel,OtherSolidFuels,TJ,0
Luxembourg,2016,fuel,Peat,TJ,0
Luxembourg,2016,pollutant,DUST,tonnes,0.000119
Luxembourg,2016,pollutant,NOX,tonnes,4.167
Luxembourg,2016,pollutant,SO2,tonnes,0.000315
Luxembourg,2018,fuel,Biomass,TJ,0
Luxembourg,2018,fuel,Coal,TJ,0
Luxembourg,2018,fuel,Lignite,TJ,0
Luxembourg,2018,fuel,LiquidFuels,TJ,0.104
Luxembourg,2018,fuel,NaturalGas,TJ,115
Luxembourg,2018,fuel,OtherGases,TJ,0
Luxembourg,2018,fuel,OtherSolidFuels,TJ,0
Luxembourg,2018,fuel,Peat,TJ,0
Luxembourg,2018,pollutant,DUST,tonnes,0.0693
Luxembourg,2018,pollutant,NOX,tonnes,11.9
Luxembourg,2018,pollutant,SO2,tonnes,1e-6
Luxembourg,2019,fuel,Biomass,TJ,0
Luxembourg,2019,fuel,Coal,TJ,0
Luxembourg,2019,fuel,Lignite,TJ,0
Luxembourg,2019,fuel,LiquidFuels,TJ,0.0296
Luxembourg,2019,fuel,NaturalGas,TJ,118
Luxembourg,2019,fuel,OtherGases,TJ,0
Luxembourg,2019,fuel,OtherSolidFuels,TJ,0
Luxembourg,2019,fuel,Peat,TJ,0
Luxembourg,2019,pollutant,DUST,tonnes,0.035
Luxembourg,2019,pollutant,NOX,tonnes,13.6
Luxembourg,2019,pollutant,SO2,tonnes,1e-5
Luxembourg,2020,fuel,Biomass,TJ,0
Luxembourg,2020,fuel,Coal,TJ,0
Luxembourg,2020,fuel,Lignite,TJ,0
Luxembourg,2020,fuel,LiquidFuels,TJ,0.03
Luxembourg,2020,fuel,NaturalGas,TJ,119
Luxembourg,2020,fuel,OtherGases,TJ,0
Luxembourg,2020,fuel,OtherSolidFuels,TJ,0
Luxembourg,2020,fuel,Peat,TJ,0
Luxembourg,2020,pollutant,DUST,tonnes,0.0001
Luxembourg,2020,pollutant,NOX,tonnes,10.4
Luxembourg,2020,pollutant,SO2,tonnes,0.0001
Luxembourg,2021,fuel,Biomass,TJ,0
Luxembourg,2021,fuel,Coal,TJ,0
Luxembourg,2021,fuel,Lignite,TJ,0
Luxembourg,2021,fuel,LiquidFuels,TJ,0
Luxembourg,2021,fuel,NaturalGas,TJ,701
Luxembourg,2021,fuel,OtherGases,TJ,0
Luxembourg,2021,fuel,OtherSolidFuels,TJ,0
Luxembourg,2021,fuel,Peat,TJ,0
Luxembourg,2021,pollutant,DUST,tonnes,0
Luxembourg,2021,pollutant,NOX,tonnes,12.9
Luxembourg,2021,pollutant,SO2,tonnes,0
Malta,2016,fuel,Biomass,TJ,0
Malta,2016,fuel,Coal,TJ,0
Malta,2016,fuel,Lignite,TJ,0
Malta,2016,fuel,LiquidFuels,TJ,7328.5056
Malta,2016,fuel,NaturalGas,TJ,0
Malta,2016,fuel,OtherGases,TJ,0
Malta,2016,fuel,OtherSolidFuels,TJ,0
Malta,2016,fuel,Peat,TJ,0
Malta,2016,pollutant,DUST,tonnes,75.7
Malta,2016,pollutant,NOX,tonnes,978.5
Malta,2016,pollutant,SO2,tonnes,1631.8
Malta,2017,fuel,Biomass,TJ,0
Malta,2017,fuel,Coal,TJ,0
Malta,2017,fuel,Lignite,TJ,0
Malta,2017,fuel,LiquidFuels,TJ,2175.4
Malta,2017,fuel,NaturalGas,TJ,0
Malta,2017,fuel,OtherGases,TJ,0
Malta,2017,fuel,OtherSolidFuels,TJ,0
Malta,2017,fuel,Peat,TJ,0
Malta,2017,pollutant,DUST,tonnes,26.599999999999998
Malta,2017,pollutant,NOX,tonnes,479.69000000000005
Malta,2017,pollutant,SO2,tonnes,573.6
Malta,2018,fuel,Biomass,TJ,0
Malta,2018,fuel,Coal,TJ,0
Malta,2018,fuel,Lignite,TJ,0
Malta,2018,fuel,LiquidFuels,TJ,221.73
Malta,2018,fuel,NaturalGas,TJ,13929
Malta,2018,fuel,OtherGases,TJ,0
Malta,2018,fuel,OtherSolidFuels,TJ,0
Malta,2018,fuel,Peat,TJ,0
Malta,2018,pollutant,DUST,tonnes,6.3740000000000006
Malta,2018,pollutant,NOX,tonnes,281.81999999999994
Malta,2018,pollutant,SO2,tonnes,10.997
Malta,2019,fuel,Biomass,TJ,0
Malta,2019,fuel,Coal,TJ,0
Malta,2019,fuel,Lignite,TJ,0
Malta,2019,fuel,LiquidFuels,TJ,386.3
Malta,2019,fuel,NaturalGas,TJ,14500
Malta,2019,fuel,OtherGases,TJ,0
Malta,2019,fuel,OtherSolidFuels,TJ,0
Malta,2019,fuel,Peat,TJ,0
Malta,2019,pollutant,DUST,tonnes,8.2411
Malta,2019,pollutant,NOX,tonnes,378.67
Malta,2019,pollutant,SO2,tonnes,18.683
Netherlands,2016,fuel,Biomass,TJ,14092.593519040001
Netherlands,2016,fuel,Coal,TJ,301353.42573
Netherlands,2016,fuel,Lignite,TJ,0
Netherlands,2016,fuel,LiquidFuels,TJ,4639.05362
Netherlands,2016,fuel,NaturalGas,TJ,392267.39237469
Netherlands,2016,fuel,OtherGases,TJ,212659.11395674
Netherlands,2016,fuel,OtherSolidFuels,TJ,304139.19609000004
Netherlands,2016,fuel,Peat,TJ,0
Netherlands,2016,pollutant,DUST,tonnes,396.316081337
Netherlands,2016,pollutant,NOX,tonnes,24668.744712810003
Netherlands,2016,pollutant,SO2,tonnes,9472.561306000001
Netherlands,2017,fuel,Biomass,TJ,14538.845778359999
Netherlands,2017,fuel,Coal,TJ,252922.59846
Netherlands,2017,fuel,Lignite,TJ,0
Netherlands,2017,fuel,LiquidFuels,TJ,4713.86912
Netherlands,2017,fuel,NaturalGas,TJ,422540.04137405
Netherlands,2017,fuel,OtherGases,TJ,192461.040293521
Netherlands,2017,fuel,OtherSolidFuels,TJ,256174.83115
Netherlands,2017,fuel,Peat,TJ,0
Netherlands,2017,pollutant,DUST,tonnes,352.55125375499966
Netherlands,2017,pollutant,NOX,tonnes,22549.12887092999
Netherlands,2017,pollutant,SO2,tonnes,7620.788699999996
Netherlands,2018,fuel,Biomass,TJ,15111.650561
Netherlands,2018,fuel,Coal,TJ,220366.209456
Netherlands,2018,fuel,Lignite,TJ,0
Netherlands,2018,fuel,LiquidFuels,TJ,5181.714249999999
Netherlands,2018,fuel,NaturalGas,TJ,417501.60743499995
Netherlands,2018,fuel,OtherGases,TJ,205949.941599
Netherlands,2018,fuel,OtherSolidFuels,TJ,4067.4710999999998
Netherlands,2018,fuel,Peat,TJ,0
Netherlands,2018,pollutant,DUST,tonnes,314.34096100000005
Netherlands,2018,pollutant,NOX,tonnes,21997.348032999984
Netherlands,2018,pollutant,SO2,tonnes,6583.18195
Netherlands,2019,fuel,Biomass,TJ,28152.153363999998
Netherlands,2019,fuel,Coal,TJ,143724.836298
Netherlands,2019,fuel,Lignite,TJ,0
Netherlands,2019,fuel,LiquidFuels,TJ,4413.050259
Netherlands,2019,fuel,NaturalGas,TJ,487617.40989700006
Netherlands,2019,fuel,OtherGases,TJ,210685.83969399997
Netherlands,2019,fuel,OtherSolidFuels,TJ,2328.8579
Netherlands,2019,fuel,Peat,TJ,0
Netherlands,2019,pollutant,DUST,tonnes,233.087137
Netherlands,2019,pollutant,NOX,tonnes,27074.507610999994
Netherlands,2019,pollutant,SO2,tonnes,6090.117065000001
Netherlands,2020,fuel,Biomass,TJ,53282.820053
Netherlands,2020,fuel,Coal,TJ,63195.772778
Netherlands,2020,fuel,Lignite,TJ,0
Netherlands,2020,fuel,LiquidFuels,TJ,4664.05038
Netherlands,2020,fuel,NaturalGas,TJ,499490.90496599994
Netherlands,2020,fuel,OtherGases,TJ,221897.764204
Netherlands,2020,fuel,OtherSolidFuels,TJ,3077.91602
Netherlands,2020,fuel,Peat,TJ,0
Netherlands,2020,pollutant,DUST,tonnes,163.20901299999997
Netherlands,2020,pollutant,NOX,tonnes,20522.157914999996
Netherlands,2020,pollutant,SO2,tonnes,4190.784595999997
Netherlands,2021,fuel,Biomass,TJ,67276.170321
Netherlands,2021,fuel,Coal,TJ,120394.52714199999
Netherlands,2021,fuel,Lignite,TJ,0
Netherlands,2021,fuel,LiquidFuels,TJ,5135.77408
Netherlands,2021,fuel,NaturalGas,TJ,401813.139618
Netherlands,2021,fuel,OtherGases,TJ,237834.94174100002
Netherlands,2021,fuel,OtherSolidFuels,TJ,4833.81246
Netherlands,2021,fuel,Peat,TJ,0
Netherlands,2021,pollutant,DUST,tonnes,193.37011299999992
Netherlands,2021,pollutant,NOX,tonnes,145819.85866699996
Netherlands,2021,pollutant,SO2,tonnes,4263.803580999999
Poland,2016,fuel,Biomass,TJ,71940.92740205998
Poland,2016,fuel,Coal,TJ,943923.8678260398
Poland,2016,fuel,Lignite,TJ,484800.22
Poland,2016,fuel,LiquidFuels,TJ,39100.086805149105
Poland,2016,fuel,NaturalGas,TJ,61163.4543484
Poland,2016,fuel,OtherGases,TJ,49103.6665864129
Poland,2016,fuel,OtherSolidFuels,TJ,1428729.5371672718
Poland,2016,fuel,Peat,TJ,0
Poland,2016,pollutant,DUST,tonnes,14268.93705756301
Poland,2016,pollutant,NOX,tonnes,170749.35629619993
Poland,2016,pollutant,SO2,tonnes,197938.61029491798
Poland,2017,fuel,Biomass,TJ,54864.081346415995
Poland,2017,fuel,Coal,TJ,941930.3025829798
Poland,2017,fuel,Lignite,TJ,497275.22333380004
Poland,2017,fuel,LiquidFuels,TJ,36966.623405134465
Poland,2017,fuel,NaturalGas,TJ,83613.18293568601
Poland,2017,fuel,OtherGases,TJ,43169.41926585
Poland,2017,fuel,OtherSolidFuels,TJ,1439207.4136247593
Poland,2017,fuel,Peat,TJ,0
Poland,2017,pollutant,DUST,tonnes,13593.085424324003
Poland,2017,pollutant,NOX,tonnes,158391.92033191
Poland,2017,pollutant,SO2,tonnes,184608.33859177705
Poland,2018,fuel,Biomass,TJ,57424.42
Poland,2018,fuel,Coal,TJ,938503.1199999999
Poland,2018,fuel,Lignite,TJ,468915.80000000005
Poland,2018,fuel,LiquidFuels,TJ,34688.1077
Poland,2018,fuel,NaturalGas,TJ,95879.849
Poland,2018,fuel,OtherGases,TJ,45787.43840000001
Poland,2018,fuel,OtherSolidFuels,TJ,4
Poland,2018,fuel,Peat,TJ,0
Poland,2018,pollutant,DUST,tonnes,10965.132373999997
Poland,2018,pollutant,NOX,tonnes,133393.358
Poland,2018,pollutant,SO2,tonnes,159824.7869
Poland,2019,fuel,Biomass,TJ,69041.99
Poland,2019,fuel,Coal,TJ,899723.2799999999
Poland,2019,fuel,Lignite,TJ,394941.9
Poland,2019,fuel,LiquidFuels,TJ,54809.43219999999
Poland,2019,fuel,NaturalGas,TJ,115016.02269999997
Poland,2019,fuel,OtherGases,TJ,39684.92711
Poland,2019,fuel,OtherSolidFuels,TJ,2.23
Poland,2019,fuel,Peat,TJ,0
Poland,2019,pollutant,DUST,tonnes,8927.787814004005
Poland,2019,pollutant,NOX,tonnes,120860.80099999999
Poland,2019,pollutant,SO2,tonnes,121319.14301000003
Poland,2020,fuel,Biomass,TJ,76519.5
Poland,2020,fuel,Coal,TJ,779628.8985999998
Poland,2020,fuel,Lignite,TJ,364608.9
Poland,2020,fuel,LiquidFuels,TJ,34247.13109999999
Poland,2020,fuel,NaturalGas,TJ,125636.51000000001
Poland,2020,fuel,OtherGases,TJ,35000.62358
Poland,2020,fuel,OtherSolidFuels,TJ,0
Poland,2020,fuel,Peat,TJ,0
Poland,2020,pollutant,DUST,tonnes,7320.954059999997
Poland,2020,pollutant,NOX,tonnes,102918.26200000003
Poland,2020,pollutant,SO2,tonnes,107070.47095000003
Poland,2021,fuel,Biomass,TJ,71320.81
Poland,2021,fuel,Coal,TJ,911709.38
Poland,2021,fuel,Lignite,TJ,429112.80000000005
Poland,2021,fuel,LiquidFuels,TJ,39708.143
Poland,2021,fuel,NaturalGas,TJ,119206.652
Poland,2021,fuel,OtherGases,TJ,37069.13129
Poland,2021,fuel,OtherSolidFuels,TJ,0
Poland,2021,fuel,Peat,TJ,0
Poland,2021,pollutant,DUST,tonnes,6763.299210000001
Poland,2021,pollutant,NOX,tonnes,111913.365
Poland,2021,pollutant,SO2,tonnes,115864.37459999998
Portugal,2016,fuel,Biomass,TJ,45523.399999999994
Portugal,2016,fuel,Coal,TJ,113315.3
Portugal,2016,fuel,Lignite,TJ,0
Portugal,2016,fuel,LiquidFuels,TJ,3883.21
Portugal,2016,fuel,NaturalGas,TJ,82034.51999999999
Portugal,2016,fuel,OtherGases,TJ,23206.18
Portugal,2016,fuel,OtherSolidFuels,TJ,118035.81
Portugal,2016,fuel,Peat,TJ,0
Portugal,2016,pollutant,DUST,tonnes,972.1321999999999
Portugal,2016,pollutant,NOX,tonnes,13833.099999999999
Portugal,2016,pollutant,SO2,tonnes,11185.200000000003
Portugal,2017,fuel,Biomass,TJ,46604.1
Portugal,2017,fuel,Coal,TJ,129645.6653
Portugal,2017,fuel,Lignite,TJ,0
Portugal,2017,fuel,LiquidFuels,TJ,3152.1697999999997
Portugal,2017,fuel,NaturalGas,TJ,124189.38130999998
Portugal,2017,fuel,OtherGases,TJ,23843.872000000003
Portugal,2017,fuel,OtherSolidFuels,TJ,134137.02529999998
Portugal,2017,fuel,Peat,TJ,0
Portugal,2017,pollutant,DUST,tonnes,982.4929
Portugal,2017,pollutant,NOX,tonnes,15889.902800000002
Portugal,2017,pollutant,SO2,tonnes,12760.034499999998
Portugal,2018,fuel,Biomass,TJ,16282.155351000001
Portugal,2018,fuel,Coal,TJ,109284.45999999999
Portugal,2018,fuel,Lignite,TJ,0
Portugal,2018,fuel,LiquidFuels,TJ,17683.953258999998
Portugal,2018,fuel,NaturalGas,TJ,105268.6199165
Portugal,2018,fuel,OtherGases,TJ,23041.744
Portugal,2018,fuel,OtherSolidFuels,TJ,20761.371
Portugal,2018,fuel,Peat,TJ,0
Portugal,2018,pollutant,DUST,tonnes,884.1037000000001
Portugal,2018,pollutant,NOX,tonnes,14350.320000000002
Portugal,2018,pollutant,SO2,tonnes,9631.1231
Portugal,2019,fuel,Biomass,TJ,9409.762654
Portugal,2019,fuel,Coal,TJ,50250.987
Portugal,2019,fuel,Lignite,TJ,0
Portugal,2019,fuel,LiquidFuels,TJ,17707.019222999996
Portugal,2019,fuel,NaturalGas,TJ,116031.44538580003
Portugal,2019,fuel,OtherGases,TJ,17284.3195893
Portugal,2019,fuel,OtherSolidFuels,TJ,38856.404
Portugal,2019,fuel,Peat,TJ,0
Portugal,2019,pollutant,DUST,tonnes,696.7419000000001
Portugal,2019,pollutant,NOX,tonnes,12101.600000000002
Portugal,2019,pollutant,SO2,tonnes,5866.293030000001
Portugal,2020,fuel,Biomass,TJ,19737.19540090717
Portugal,2020,fuel,Coal,TJ,22287.645
Portugal,2020,fuel,Lignite,TJ,0
Portugal,2020,fuel,LiquidFuels,TJ,17983.630703
Portugal,2020,fuel,NaturalGas,TJ,118028.96976498417
Portugal,2020,fuel,OtherGases,TJ,16068.902063836029
Portugal,2020,fuel,OtherSolidFuels,TJ,34063.9295
Portugal,2020,fuel,Peat,TJ,0
Portugal,2020,pollutant,DUST,tonnes,643.3711000000001
Portugal,2020,pollutant,NOX,tonnes,10684.119999999997
Portugal,2020,pollutant,SO2,tonnes,2893.6369999999997
Portugal,2021,fuel,Biomass,TJ,22352.521956999997
Portugal,2021,fuel,Coal,TJ,7594.361
Portugal,2021,fuel,Lignite,TJ,0
Portugal,2021,fuel,LiquidFuels,TJ,15494.607061090002
Portugal,2021,fuel,NaturalGas,TJ,103459.6040062
Portugal,2021,fuel,OtherGases,TJ,22360.8102269
Portugal,2021,fuel,OtherSolidFuels,TJ,19770.402840000002
Portugal,2021,fuel,Peat,TJ,0
Portugal,2021,pollutant,DUST,tonnes,674.4403
Portugal,2021,pollutant,NOX,tonnes,10082.009999999998
Portugal,2021,pollutant,SO2,tonnes,1514.04645
Romania,2016,fuel,Biomass,TJ,2944.4629999999997
Romania,2016,fuel,Coal,TJ,22894.514000000003
Romania,2016,fuel,Lignite,TJ,157669.47699999998
Romania,2016,fuel,LiquidFuels,TJ,2187.866
Romania,2016,fuel,NaturalGas,TJ,96652.26199999999
Romania,2016,fuel,OtherGases,TJ,1999.2259999999999
Romania,2016,fuel,OtherSolidFuels,TJ,183880.38900000002
Romania,2016,fuel,Peat,TJ,0
Romania,2016,pollutant,DUST,tonnes,4171.483
Romania,2016,pollutant,NOX,tonnes,29207.421000000002
Romania,2016,pollutant,SO2,tonnes,59688.95699999997
Romania,2017,fuel,Biomass,TJ,2744.663
Romania,2017,fuel,Coal,TJ,17221.834000000003
Romania,2017,fuel,Lignite,TJ,171415.211
Romania,2017,fuel,LiquidFuels,TJ,1690.789
Romania,2017,fuel,NaturalGas,TJ,102684
Romania,2017,fuel,OtherGases,TJ,1290.6599999999999
Romania,2017,fuel,OtherSolidFuels,TJ,192209.76700000002
Romania,2017,fuel,Peat,TJ,0
Romania,2017,pollutant,DUST,tonnes,3067.1760000000013
Romania,2017,pollutant,NOX,tonnes,28699.961999999996
Romania,2017,pollutant,SO2,tonnes,43657.776000000005
Romania,2018,fuel,Biomass,TJ,2334.8599999999997
Romania,2018,fuel,Coal,TJ,15878.529999999999
Romania,2018,fuel,Lignite,TJ,162225.66
Romania,2018,fuel,LiquidFuels,TJ,1005.16
Romania,2018,fuel,NaturalGas,TJ,103525.43999999999
Romania,2018,fuel,OtherGases,TJ,1300.28
Romania,2018,fuel,OtherSolidFuels,TJ,3492.1
Romania,2018,fuel,Peat,TJ,0
Romania,2018,pollutant,DUST,tonnes,2625.0599999999995
Romania,2018,pollutant,NOX,tonnes,30300.849999999988
Romania,2018,pollutant,SO2,tonnes,36276.38000000001
Romania,2019,fuel,Biomass,TJ,3142.38
Romania,2019,fuel,Coal,TJ,12285.247
Romania,2019,fuel,Lignite,TJ,140669.881
Romania,2019,fuel,LiquidFuels,TJ,413.20400000000006
Romania,2019,fuel,NaturalGas,TJ,91513.378
Romania,2019,fuel,OtherGases,TJ,909.423
Romania,2019,fuel,OtherSolidFuels,TJ,3385.502
Romania,2019,fuel,Peat,TJ,0
Romania,2019,pollutant,DUST,tonnes,2281.4513999999995
Romania,2019,pollutant,NOX,tonnes,24743.41899999998
Romania,2019,pollutant,SO2,tonnes,28519.364999999998
Romania,2020,fuel,Biomass,TJ,3783.435
Romania,2020,fuel,Coal,TJ,10353.409000000001
Romania,2020,fuel,Lignite,TJ,97580.635
Romania,2020,fuel,LiquidFuels,TJ,276.932
Romania,2020,fuel,NaturalGas,TJ,96466.526
Romania,2020,fuel,OtherGases,TJ,822.2120000000001
Romania,2020,fuel,OtherSolidFuels,TJ,3359.942
Romania,2020,fuel,Peat,TJ,0
Romania,2020,pollutant,DUST,tonnes,2059.673
Romania,2020,pollutant,NOX,tonnes,18237.135
Romania,2020,pollutant,SO2,tonnes,23302.261000000006
Romania,2021,fuel,Biomass,TJ,4926.527
Romania,2021,fuel,Coal,TJ,5201.4529999999995
Romania,2021,fuel,Lignite,TJ,112569.337
Romania,2021,fuel,LiquidFuels,TJ,207.72099999999998
Romania,2021,fuel,NaturalGas,TJ,97715.033
Romania,2021,fuel,OtherGases,TJ,1237.775
Romania,2021,fuel,OtherSolidFuels,TJ,2541.869
Romania,2021,fuel,Peat,TJ,0
Romania,2021,pollutant,DUST,tonnes,1188.4340000000002
Romania,2021,pollutant,NOX,tonnes,16469.734
Romania,2021,pollutant,SO2,tonnes,17916.521000000004
Serbia,2019,fuel,Biomass,TJ,0
Serbia,2019,fuel,Coal,TJ,2432
Serbia,2019,fuel,Lignite,TJ,265556
Serbia,2019,fuel,LiquidFuels,TJ,12984.47
Serbia,2019,fuel,NaturalGas,TJ,7107962.099999999
Serbia,2019,fuel,OtherGases,TJ,5954
Serbia,2019,fuel,OtherSolidFuels,TJ,0
Serbia,2019,fuel,Peat,TJ,0
Serbia,2019,pollutant,DUST,tonnes,9539.261999999999
Serbia,2019,pollutant,NOX,tonnes,39210.59
Serbia,2019,pollutant,SO2,tonnes,331316.45399999997
Serbia,2020,fuel,Biomass,TJ,0
Serbia,2020,fuel,Coal,TJ,2264.75
Serbia,2020,fuel,Lignite,TJ,279303.04
Serbia,2020,fuel,LiquidFuels,TJ,75608.03
Serbia,2020,fuel,NaturalGas,TJ,8271530.029999999
Serbia,2020,fuel,OtherGases,TJ,5156.54
Serbia,2020,fuel,OtherSolidFuels,TJ,0
Serbia,2020,fuel,Peat,TJ,0
Serbia,2020,pollutant,DUST,tonnes,9807.669999999998
Serbia,2020,pollutant,NOX,tonnes,42451.16
Serbia,2020,pollutant,SO2,tonnes,358374.39999999997
Slovakia,2016,fuel,Biomass,TJ,4461.96609786
Slovakia,2016,fuel,Coal,TJ,17794.3169534
Slovakia,2016,fuel,Lignite,TJ,24997.559897
Slovakia,2016,fuel,LiquidFuels,TJ,9576.296766
Slovakia,2016,fuel,NaturalGas,TJ,19932.19756486
Slovakia,2016,fuel,OtherGases,TJ,14399.16303535
Slovakia,2016,fuel,OtherSolidFuels,TJ,42791.876850399996
Slovakia,2016,fuel,Peat,TJ,0
Slovakia,2016,pollutant,DUST,tonnes,408.6548172030002
Slovakia,2016,pollutant,NOX,tonnes,8032.325695715999
Slovakia,2016,pollutant,SO2,tonnes,12104.831914786595
Slovakia,2017,fuel,Biomass,TJ,3842.9408535000007
Slovakia,2017,fuel,Coal,TJ,18881.527189
Slovakia,2017,fuel,Lignite,TJ,23404.490063
Slovakia,2017,fuel,LiquidFuels,TJ,8786.545436
Slovakia,2017,fuel,NaturalGas,TJ,21181.15310854
Slovakia,2017,fuel,OtherGases,TJ,15455.435223189997
Slovakia,2017,fuel,OtherSolidFuels,TJ,42478.490251999996
Slovakia,2017,fuel,Peat,TJ,192.473
Slovakia,2017,pollutant,DUST,tonnes,275.8098022635
Slovakia,2017,pollutant,NOX,tonnes,7098.779771674902
Slovakia,2017,pollutant,SO2,tonnes,6971.773224302497
Slovenia,2016,fuel,Biomass,TJ,1385.29
Slovenia,2016,fuel,Coal,TJ,7062.98
Slovenia,2016,fuel,Lignite,TJ,39485.3
Slovenia,2016,fuel,LiquidFuels,TJ,127.68759999999999
Slovenia,2016,fuel,NaturalGas,TJ,264.649
Slovenia,2016,fuel,OtherGases,TJ,0
Slovenia,2016,fuel,OtherSolidFuels,TJ,46548.28
Slovenia,2016,fuel,Peat,TJ,0
Slovenia,2016,pollutant,DUST,tonnes,90.5263
Slovenia,2016,pollutant,NOX,tonnes,3681.9019999999996
Slovenia,2016,pollutant,SO2,tonnes,1384.2440000000001
Slovenia,2017,fuel,Biomass,TJ,1348.62
Slovenia,2017,fuel,Coal,TJ,1101.01
Slovenia,2017,fuel,Lignite,TJ,45176.490000000005
Slovenia,2017,fuel,LiquidFuels,TJ,138.799
Slovenia,2017,fuel,NaturalGas,TJ,699.2879999999998
Slovenia,2017,fuel,OtherGases,TJ,0
Slovenia,2017,fuel,OtherSolidFuels,TJ,46277.5
Slovenia,2017,fuel,Peat,TJ,0
Slovenia,2017,pollutant,DUST,tonnes,101.423
Slovenia,2017,pollutant,NOX,tonnes,4406.0830000000005
Slovenia,2017,pollutant,SO2,tonnes,1895.315
Slovenia,2018,fuel,Biomass,TJ,1151.4560000000001
Slovenia,2018,fuel,Coal,TJ,1082.508
Slovenia,2018,fuel,Lignite,TJ,43997.240999999995
Slovenia,2018,fuel,LiquidFuels,TJ,141.92099999999996
Slovenia,2018,fuel,NaturalGas,TJ,489.97300000000007
Slovenia,2018,fuel,OtherGases,TJ,0
Slovenia,2018,fuel,OtherSolidFuels,TJ,0
Slovenia,2018,fuel,Peat,TJ,0
Slovenia,2018,pollutant,DUST,tonnes,79.25600000000001
Slovenia,2018,pollutant,NOX,tonnes,4263.4169999999995
Slovenia,2018,pollutant,SO2,tonnes,1894.8890000000004
Slovenia,2019,fuel,Biomass,TJ,1286.07
Slovenia,2019,fuel,Coal,TJ,1075.061
Slovenia,2019,fuel,Lignite,TJ,41575.217
Slovenia,2019,fuel,LiquidFuels,TJ,139.64
Slovenia,2019,fuel,NaturalGas,TJ,1186.1920000000002
Slovenia,2019,fuel,OtherGases,TJ,0
Slovenia,2019,fuel,OtherSolidFuels,TJ,0
Slovenia,2019,fuel,Peat,TJ,0
Slovenia,2019,pollutant,DUST,tonnes,84.23900000000002
Slovenia,2019,pollutant,NOX,tonnes,2974.3309999999997
Slovenia,2019,pollutant,SO2,tonnes,1402.818
Slovenia,2020,fuel,Biomass,TJ,1123.779
Slovenia,2020,fuel,Coal,TJ,644.733
Slovenia,2020,fuel,Lignite,TJ,40531.727000000006
Slovenia,2020,fuel,LiquidFuels,TJ,69.97800000000001
Slovenia,2020,fuel,NaturalGas,TJ,1824.587
Slovenia,2020,fuel,OtherGases,TJ,0
Slovenia,2020,fuel,OtherSolidFuels,TJ,0
Slovenia,2020,fuel,Peat,TJ,0
Slovenia,2020,pollutant,DUST,tonnes,85.381
Slovenia,2020,pollutant,NOX,tonnes,2691.137
Slovenia,2020,pollutant,SO2,tonnes,1358.677
Slovenia,2021,fuel,Biomass,TJ,1273.174
Slovenia,2021,fuel,Coal,TJ,5384.3240000000005
Slovenia,2021,fuel,Lignite,TJ,32429.259
Slovenia,2021,fuel,LiquidFuels,TJ,470.394
Slovenia,2021,fuel,NaturalGas,TJ,1367.727
Slovenia,2021,fuel,OtherGases,TJ,0
Slovenia,2021,fuel,OtherSolidFuels,TJ,0
Slovenia,2021,fuel,Peat,TJ,0
Slovenia,2021,pollutant,DUST,tonnes,64.47100000000002
Slovenia,2021,pollutant,NOX,tonnes,2505.2280000000005
Slovenia,2021,pollutant,SO2,tonnes,1313.3840000000002
Spain,2016,fuel,Biomass,TJ,4779.900000000001
Spain,2016,fuel,Coal,TJ,359454.7
Spain,2016,fuel,Lignite,TJ,0
Spain,2016,fuel,LiquidFuels,TJ,64033.9
Spain,2016,fuel,NaturalGas,TJ,241782.6
Spain,2016,fuel,OtherGases,TJ,168340.9
Spain,2016,fuel,OtherSolidFuels,TJ,404210.89999999997
Spain,2016,fuel,Peat,TJ,0
Spain,2016,pollutant,DUST,tonnes,3771.193
Spain,2016,pollutant,NOX,tonnes,85166.138
Spain,2016,pollutant,SO2,tonnes,88246.34400000004
Spain,2017,fuel,Biomass,TJ,5674.8
Spain,2017,fuel,Coal,TJ,443085.53
Spain,2017,fuel,Lignite,TJ,0
Spain,2017,fuel,LiquidFuels,TJ,71406.205389792
Spain,2017,fuel,NaturalGas,TJ,383606.70794500003
Spain,2017,fuel,OtherGases,TJ,179917.7750212
Spain,2017,fuel,OtherSolidFuels,TJ,479067.69000000006
Spain,2017,fuel,Peat,TJ,0
Spain,2017,pollutant,DUST,tonnes,4568.913200000005
Spain,2017,pollutant,NOX,tonnes,92492.49870000008
Spain,2017,pollutant,SO2,tonnes,93776.57209999996
Spain,2018,fuel,Biomass,TJ,11707.709999999997
Spain,2018,fuel,Coal,TJ,193402.04570000002
Spain,2018,fuel,Lignite,TJ,19407.292
Spain,2018,fuel,LiquidFuels,TJ,100379.01568517601
Spain,2018,fuel,NaturalGas,TJ,319919.7378750001
Spain,2018,fuel,OtherGases,TJ,151222.50934
Spain,2018,fuel,OtherSolidFuels,TJ,132982.274
Spain,2018,fuel,Peat,TJ,0
Spain,2018,pollutant,DUST,tonnes,3422.2796700000013
Spain,2018,pollutant,NOX,tonnes,68732.61699999998
Spain,2018,pollutant,SO2,tonnes,66563.94516999996
Spain,2019,fuel,Biomass,TJ,11837.9043
Spain,2019,fuel,Coal,TJ,92146.27985
Spain,2019,fuel,Lignite,TJ,10230.561
Spain,2019,fuel,LiquidFuels,TJ,66804.17833514202
Spain,2019,fuel,NaturalGas,TJ,498341.65447270003
Spain,2019,fuel,OtherGases,TJ,144698.70599999998
Spain,2019,fuel,OtherSolidFuels,TJ,31912.886000000002
Spain,2019,fuel,Peat,TJ,0
Spain,2019,pollutant,DUST,tonnes,1637.4113580000005
Spain,2019,pollutant,NOX,tonnes,55348.402599999994
Spain,2019,pollutant,SO2,tonnes,32454.75464
Spain,2020,fuel,Biomass,TJ,13674.461
Spain,2020,fuel,Coal,TJ,46044.616094000005
Spain,2020,fuel,Lignite,TJ,1385.41
Spain,2020,fuel,LiquidFuels,TJ,53064.97396298642
Spain,2020,fuel,NaturalGas,TJ,501523.7064141
Spain,2020,fuel,OtherGases,TJ,115100.71299999999
Spain,2020,fuel,OtherSolidFuels,TJ,3997.7630000000004
Spain,2020,fuel,Peat,TJ,0
Spain,2020,pollutant,DUST,tonnes,975.1039782499993
Spain,2020,pollutant,NOX,tonnes,30448.373230000016
Spain,2020,pollutant,SO2,tonnes,14164.108716
Spain,2021,fuel,Biomass,TJ,9511.55608
Spain,2021,fuel,Coal,TJ,46747.092979500005
Spain,2021,fuel,Lignite,TJ,0
Spain,2021,fuel,LiquidFuels,TJ,88805.60207949797
Spain,2021,fuel,NaturalGas,TJ,414366.3195921
Spain,2021,fuel,OtherGases,TJ,142303.44900000002
Spain,2021,fuel,OtherSolidFuels,TJ,2282.7771000000002
Spain,2021,fuel,Peat,TJ,0
Spain,2021,pollutant,DUST,tonnes,720.9567259999994
Spain,2021,pollutant,NOX,tonnes,32262.38522999999
Spain,2021,pollutant,SO2,tonnes,11918.878457000004
Sweden,2016,fuel,Biomass,TJ,144845.21951999998
Sweden,2016,fuel,Coal,TJ,4153.572
Sweden,2016,fuel,Lignite,TJ,0
Sweden,2016,fuel,LiquidFuels,TJ,18490.2759198
Sweden,2016,fuel,NaturalGas,TJ,11781.399599999999
Sweden,2016,fuel,OtherGases,TJ,42882.82107479999
Sweden,2016,fuel,OtherSolidFuels,TJ,7497.2412
Sweden,2016,fuel,Peat,TJ,3343.6692
Sweden,2016,pollutant,DUST,tonnes,2186.4380040819983
Sweden,2016,pollutant,NOX,tonnes,10771.214900999996
Sweden,2016,pollutant,SO2,tonnes,2351.870611060002
Sweden,2017,fuel,Biomass,TJ,176105.916
Sweden,2017,fuel,Coal,TJ,5863.309649999999
Sweden,2017,fuel,Lignite,TJ,0
Sweden,2017,fuel,LiquidFuels,TJ,5107.148172
Sweden,2017,fuel,NaturalGas,TJ,5039.524799999999
Sweden,2017,fuel,OtherGases,TJ,45489.245007599995
Sweden,2017,fuel,OtherSolidFuels,TJ,5863.30965
Sweden,2017,fuel,Peat,TJ,2907.072
Sweden,2017,pollutant,DUST,tonnes,2132.2542648299996
Sweden,2017,pollutant,NOX,tonnes,13036.900000000001
Sweden,2017,pollutant,SO2,tonnes,2401.789199999999
Sweden,2018,fuel,Biomass,TJ,196742.96
Sweden,2018,fuel,Coal,TJ,6256.6
Sweden,2018,fuel,Lignite,TJ,0
Sweden,2018,fuel,LiquidFuels,TJ,6708.266
Sweden,2018,fuel,NaturalGas,TJ,6975.3099999999995
Sweden,2018,fuel,OtherGases,TJ,46925.79969
Sweden,2018,fuel,OtherSolidFuels,TJ,0
Sweden,2018,fuel,Peat,TJ,3854.8
Sweden,2018,pollutant,DUST,tonnes,2316.8680760000007
Sweden,2018,pollutant,NOX,tonnes,14530.3676
Sweden,2018,pollutant,SO2,tonnes,2522.778720193
Sweden,2019,fuel,Biomass,TJ,198187.82
Sweden,2019,fuel,Coal,TJ,3885.24
Sweden,2019,fuel,Lignite,TJ,0
Sweden,2019,fuel,LiquidFuels,TJ,5561.729300000001
Sweden,2019,fuel,NaturalGas,TJ,5376.74
Sweden,2019,fuel,OtherGases,TJ,37410.924615
Sweden,2019,fuel,OtherSolidFuels,TJ,0
Sweden,2019,fuel,Peat,TJ,2104.1
Sweden,2019,pollutant,DUST,tonnes,2321.157704
Sweden,2019,pollutant,NOX,tonnes,13908.465699999999
Sweden,2019,pollutant,SO2,tonnes,2518.7204799999995
Sweden,2020,fuel,Biomass,TJ,225851.62000000002
Sweden,2020,fuel,Coal,TJ,135.88
Sweden,2020,fuel,Lignite,TJ,0
Sweden,2020,fuel,LiquidFuels,TJ,3942.2652000000003
Sweden,2020,fuel,NaturalGas,TJ,1334.4799999999998
Sweden,2020,fuel,OtherGases,TJ,43276.11719
Sweden,2020,fuel,OtherSolidFuels,TJ,0
Sweden,2020,fuel,Peat,TJ,808.71
Sweden,2020,pollutant,DUST,tonnes,1972.3910412999987
Sweden,2020,pollutant,NOX,tonnes,13079.199600000005
Sweden,2020,pollutant,SO2,tonnes,1908.6214650000004
Sweden,2021,fuel,Biomass,TJ,239796.14
Sweden,2021,fuel,Coal,TJ,246
Sweden,2021,fuel,Lignite,TJ,0
Sweden,2021,fuel,LiquidFuels,TJ,7246.45
Sweden,2021,fuel,NaturalGas,TJ,3508.5600000000004
Sweden,2021,fuel,OtherGases,TJ,45380.199134
Sweden,2021,fuel,OtherSolidFuels,TJ,0
Sweden,2021,fuel,Peat,TJ,1129
Sweden,2021,pollutant,DUST,tonnes,1529.3673600000013
Sweden,2021,pollutant,NOX,tonnes,14429.248799999994
Sweden,2021,pollutant,SO2,tonnes,2051.0154300000004
United Kingdom,2016,fuel,Biomass,TJ,131899.7
United Kingdom,2016,fuel,Coal,TJ,292304.6
United Kingdom,2016,fuel,Lignite,TJ,0
United Kingdom,2016,fuel,LiquidFuels,TJ,20473.329920000004
United Kingdom,2016,fuel,NaturalGas,TJ,997113.6225310001
United Kingdom,2016,fuel,OtherGases,TJ,84688.65200000002
United Kingdom,2016,fuel,OtherSolidFuels,TJ,292304.60000000003
United Kingdom,2016,fuel,Peat,TJ,0
United Kingdom,2016,pollutant,DUST,tonnes,2531.5848459999997
United Kingdom,2016,pollutant,NOX,tonnes,96151.03400000003
United Kingdom,2016,pollutant,SO2,tonnes,35941.37237999999
United Kingdom,2017,fuel,Biomass,TJ,138651
United Kingdom,2017,fuel,Coal,TJ,212299
United Kingdom,2017,fuel,Lignite,TJ,0
United Kingdom,2017,fuel,LiquidFuels,TJ,17752.334000000003
United Kingdom,2017,fuel,NaturalGas,TJ,962579.042
United Kingdom,2017,fuel,OtherGases,TJ,138416
United Kingdom,2017,fuel,OtherSolidFuels,TJ,212299
United Kingdom,2017,fuel,Peat,TJ,0
United Kingdom,2017,pollutant,DUST,tonnes,1990.8671384220004
United Kingdom,2017,pollutant,NOX,tonnes,78530.71995801001
United Kingdom,2017,pollutant,SO2,tonnes,29541.08962029599
United Kingdom,2018,fuel,Biomass,TJ,157550
United Kingdom,2018,fuel,Coal,TJ,166374.74300000002
United Kingdom,2018,fuel,Lignite,TJ,0
United Kingdom,2018,fuel,LiquidFuels,TJ,17636.164
United Kingdom,2018,fuel,NaturalGas,TJ,921719.9717
United Kingdom,2018,fuel,OtherGases,TJ,135764.439
United Kingdom,2018,fuel,OtherSolidFuels,TJ,0
United Kingdom,2018,fuel,Peat,TJ,0
United Kingdom,2018,pollutant,DUST,tonnes,2253.0746999999997
United Kingdom,2018,pollutant,NOX,tonnes,66477.70399999998
United Kingdom,2018,pollutant,SO2,tonnes,23075.80902
United Kingdom,2019,fuel,Biomass,TJ,150120
United Kingdom,2019,fuel,Coal,TJ,68192.27
United Kingdom,2019,fuel,Lignite,TJ,0
United Kingdom,2019,fuel,LiquidFuels,TJ,11061.307
United Kingdom,2019,fuel,NaturalGas,TJ,910396.7410000002
United Kingdom,2019,fuel,OtherGases,TJ,133741.95
United Kingdom,2019,fuel,OtherSolidFuels,TJ,8.1
United Kingdom,2019,fuel,Peat,TJ,0
United Kingdom,2019,pollutant,DUST,tonnes,1158.923566
United Kingdom,2019,pollutant,NOX,tonnes,52902.457700000006
United Kingdom,2019,pollutant,SO2,tonnes,12153.741021000014
